0,valClose,valOpen,valLow,valHigh
2015-01-02 01:00:00,2.345,2.346,2.342,2.356
2015-01-03 01:00:00,2.345,2.344,2.342,2.356
2015-01-05 01:00:00,2.3315,2.338,2.3275,2.347
2015-01-06 01:00:00,2.318,2.326,2.3175,2.336
2015-01-07 01:00:00,2.3275,2.328,2.324,2.332
2015-01-08 01:00:00,2.301,2.309,2.3,2.3125
2015-01-09 01:00:00,2.29,2.308,2.285,2.3095
2015-01-10 01:00:00,2.294,2.293,2.285,2.3095
2015-01-12 01:00:00,2.288,2.293,2.2845,2.294
2015-01-13 01:00:00,2.279,2.2815,2.2775,2.2845
2015-01-14 01:00:00,2.2815,2.2965,2.28,2.2985
2015-01-15 01:00:00,2.291,2.278,2.275,2.299
2015-01-16 01:00:00,2.326,2.307,2.304,2.329
2015-01-17 01:00:00,2.307,2.318,2.304,2.329
2015-01-19 01:00:00,2.3345,2.335,2.3275,2.342
2015-01-20 01:00:00,2.355,2.338,2.323,2.356
2015-01-21 01:00:00,2.336,2.34,2.333,2.345
2015-01-22 01:00:00,2.323,2.348,2.322,2.357
2015-01-23 01:00:00,2.341,2.325,2.324,2.348
2015-01-24 01:00:00,2.344,2.34,2.324,2.348
2015-01-26 01:00:00,2.3515,2.363,2.3475,2.369
2015-01-27 01:00:00,2.361,2.34,2.339,2.369
2015-01-28 01:00:00,2.378,2.362,2.3575,2.382
2015-01-29 01:00:00,2.402,2.396,2.392,2.416
2015-01-30 01:00:00,2.432,2.408,2.407,2.443
2015-01-31 01:00:00,2.434,2.433,2.407,2.443
2015-02-02 01:00:00,2.4235,2.427,2.414,2.431
2015-02-03 01:00:00,2.4025,2.414,2.398,2.424
2015-02-04 01:00:00,2.44,2.408,2.406,2.443
2015-02-05 01:00:00,2.44,2.452,2.435,2.452
2015-02-06 01:00:00,2.466,2.43,2.428,2.468
2015-02-07 01:00:00,2.471,2.468,2.428,2.471
2015-02-09 01:00:00,2.481,2.49,2.48,2.498
2015-02-10 01:00:00,2.5005,2.475,2.473,2.505
2015-02-11 01:00:00,2.503,2.489,2.483,2.5055
2015-02-12 01:00:00,2.475,2.496,2.471,2.4965
2015-02-13 01:00:00,2.46,2.468,2.456,2.477
2015-02-14 01:00:00,2.456,2.456,2.455,2.477
2015-02-16 01:00:00,2.447,2.455,2.444,2.4575
2015-02-17 01:00:00,2.451,2.455,2.44,2.455
2015-02-18 01:00:00,2.46,2.462,2.459,2.4645
2015-02-19 01:00:00,2.454,2.438,2.435,2.4575
2015-02-20 01:00:00,2.4595,2.455,2.451,2.466
2015-02-21 01:00:00,2.4535,2.452,2.451,2.466
2015-02-23 01:00:00,2.4745,2.4785,2.473,2.4835
2015-02-24 01:00:00,2.472,2.4795,2.465,2.486
2015-02-25 01:00:00,2.486,2.457,2.456,2.489
2015-02-26 01:00:00,2.494,2.481,2.473,2.498
2015-02-27 01:00:00,2.511,2.499,2.4975,2.525
2015-02-28 01:00:00,2.505,2.504,2.4975,2.525
2015-03-02 01:00:00,2.517,2.518,2.505,2.519
2015-03-03 01:00:00,2.529,2.516,2.5115,2.537
2015-03-04 01:00:00,2.562,2.542,2.539,2.57
2015-03-05 01:00:00,2.597,2.572,2.571,2.599
2015-03-06 01:00:00,2.629,2.613,2.572,2.639
2015-03-07 01:00:00,2.617,2.617,2.572,2.639
2015-03-09 01:00:00,2.602,2.606,2.589,2.615
2015-03-10 01:00:00,2.632,2.6185,2.616,2.645
2015-03-11 01:00:00,2.608,2.614,2.606,2.633
2015-03-12 01:00:00,2.591,2.598,2.586,2.603
2015-03-13 01:00:00,2.634,2.592,2.591,2.646
2015-03-14 01:00:00,2.637,2.636,2.591,2.646
2015-03-16 01:00:00,2.629,2.622,2.614,2.6345
2015-03-17 01:00:00,2.612,2.62,2.606,2.622
2015-03-18 01:00:00,2.622,2.617,2.615,2.6255
2015-03-19 01:00:00,2.6005,2.595,2.585,2.609
2015-03-20 01:00:00,2.576,2.5975,2.575,2.602
2015-03-21 01:00:00,2.572,2.573,2.571,2.602
2015-03-23 01:00:00,2.552,2.577,2.5445,2.581
2015-03-24 01:00:00,2.565,2.545,2.542,2.567
2015-03-25 01:00:00,2.572,2.554,2.553,2.575
2015-03-26 01:00:00,2.588,2.586,2.584,2.603
2015-03-27 01:00:00,2.603,2.614,2.594,2.616
2015-03-28 01:00:00,2.6035,2.605,2.594,2.616
2015-03-30 00:00:00,2.6005,2.612,2.599,2.6125
2015-03-31 00:00:00,2.597,2.609,2.594,2.621
2015-04-01 00:00:00,2.5935,2.601,2.59,2.612
2015-04-02 00:00:00,2.592,2.596,2.584,2.599
2015-04-03 00:00:00,2.567,2.591,2.557,2.5945
2015-04-04 00:00:00,2.57,2.569,2.557,2.5945
2015-04-06 00:00:00,2.5595,2.569,2.556,2.5695
2015-04-07 00:00:00,2.5875,2.581,2.577,2.593
2015-04-08 00:00:00,2.593,2.587,2.585,2.597
2015-04-09 00:00:00,2.608,2.5985,2.5855,2.608
2015-04-10 00:00:00,2.623,2.63,2.621,2.638
2015-04-11 00:00:00,2.624,2.624,2.621,2.638
2015-04-13 00:00:00,2.65,2.643,2.638,2.656
2015-04-14 00:00:00,2.663,2.67,2.661,2.686
2015-04-15 00:00:00,2.722,2.696,2.693,2.724
2015-04-16 00:00:00,2.706,2.704,2.684,2.714
2015-04-17 00:00:00,2.693,2.685,2.678,2.698
2015-04-18 00:00:00,2.678,2.6775,2.6765,2.698
2015-04-20 00:00:00,2.699,2.685,2.684,2.711
2015-04-21 00:00:00,2.683,2.709,2.681,2.709
2015-04-22 00:00:00,2.712,2.688,2.68,2.718
2015-04-23 00:00:00,2.72,2.725,2.714,2.73
2015-04-24 00:00:00,2.721,2.708,2.703,2.739
2015-04-25 00:00:00,2.7155,2.714,2.703,2.739
2015-04-27 00:00:00,2.692,2.728,2.685,2.733
2015-04-28 00:00:00,2.657,2.687,2.656,2.6925
2015-04-29 00:00:00,2.648,2.664,2.645,2.6715
2015-04-30 00:00:00,2.676,2.654,2.652,2.678
2015-05-01 00:00:00,2.675,2.663,2.661,2.677
2015-05-02 00:00:00,2.699,2.698,2.661,2.7
2015-05-04 00:00:00,2.71,2.711,2.705,2.715
2015-05-05 00:00:00,2.707,2.71,2.701,2.716
2015-05-06 00:00:00,2.694,2.705,2.688,2.719
2015-05-07 00:00:00,2.684,2.709,2.678,2.713
2015-05-08 00:00:00,2.688,2.686,2.675,2.701
2015-05-09 00:00:00,2.696,2.694,2.675,2.701
2015-05-11 00:00:00,2.686,2.698,2.68,2.703
2015-05-12 00:00:00,2.6705,2.688,2.666,2.697
2015-05-13 00:00:00,2.631,2.659,2.623,2.659
2015-05-14 00:00:00,2.596,2.626,2.589,2.629
2015-05-15 00:00:00,2.579,2.589,2.5775,2.595
2015-05-16 00:00:00,2.576,2.576,2.574,2.595
2015-05-18 00:00:00,2.58,2.587,2.573,2.587
2015-05-19 00:00:00,2.5985,2.584,2.58,2.603
2015-05-20 00:00:00,2.581,2.603,2.576,2.61
2015-05-21 00:00:00,2.589,2.566,2.563,2.593
2015-05-22 00:00:00,2.5925,2.598,2.585,2.602
2015-05-23 00:00:00,2.597,2.596,2.585,2.602
2015-05-25 00:00:00,2.6145,2.605,2.602,2.6145
2015-05-26 00:00:00,2.64,2.63,2.626,2.642
2015-05-27 00:00:00,2.6485,2.637,2.635,2.664
2015-05-28 00:00:00,2.658,2.6555,2.6515,2.665
2015-05-29 00:00:00,2.656,2.662,2.646,2.666
2015-05-30 00:00:00,2.659,2.66,2.646,2.666
2015-06-01 00:00:00,2.676,2.68,2.67,2.683
2015-06-02 00:00:00,2.676,2.679,2.671,2.691
2015-06-03 00:00:00,2.6845,2.682,2.677,2.69
2015-06-04 00:00:00,2.668,2.695,2.659,2.706
2015-06-05 00:00:00,2.661,2.67,2.656,2.687
2015-06-06 00:00:00,2.659,2.658,2.656,2.687
2015-06-08 00:00:00,2.765,2.761,2.74,2.783
2015-06-09 00:00:00,2.753,2.754,2.732,2.758
2015-06-10 00:00:00,2.7445,2.734,2.728,2.7445
2015-06-11 00:00:00,2.712,2.748,2.707,2.748
2015-06-12 00:00:00,2.716,2.717,2.711,2.724
2015-06-13 00:00:00,2.713,2.712,2.711,2.724
2015-06-15 00:00:00,2.734,2.731,2.729,2.74
2015-06-16 00:00:00,2.733,2.744,2.726,2.7445
2015-06-17 00:00:00,2.736,2.738,2.732,2.743
2015-06-18 00:00:00,2.71,2.711,2.704,2.715
2015-06-19 00:00:00,2.697,2.7195,2.692,2.721
2015-06-20 00:00:00,2.6945,2.694,2.692,2.721
2015-06-22 00:00:00,2.672,2.688,2.6685,2.688
2015-06-23 00:00:00,2.6785,2.6755,2.669,2.684
2015-06-24 00:00:00,2.675,2.677,2.671,2.681
2015-06-25 00:00:00,2.656,2.67,2.653,2.67
2015-06-26 00:00:00,2.662,2.661,2.655,2.6695
2015-06-27 00:00:00,2.6645,2.663,2.655,2.6695
2015-06-29 00:00:00,2.686,2.692,2.679,2.693
2015-06-30 00:00:00,2.678,2.684,2.669,2.689
2015-07-01 00:00:00,2.687,2.6805,2.672,2.6885
2015-07-02 00:00:00,2.685,2.702,2.683,2.7025
2015-07-03 00:00:00,2.6855,2.6895,2.6845,2.6915
2015-07-04 00:00:00,2.69,2.688,2.6845,2.6915
2015-07-06 00:00:00,2.686,2.688,2.682,2.695
2015-07-07 00:00:00,2.69,2.686,2.677,2.693
2015-07-08 00:00:00,2.686,2.695,2.683,2.697
2015-07-09 00:00:00,2.675,2.6785,2.666,2.681
2015-07-10 00:00:00,2.662,2.666,2.658,2.667
2015-07-11 00:00:00,2.666,2.665,2.658,2.667
2015-07-13 00:00:00,2.651,2.656,2.649,2.661
2015-07-14 00:00:00,2.635,2.644,2.627,2.645
2015-07-15 00:00:00,2.646,2.639,2.636,2.649
2015-07-16 00:00:00,2.656,2.648,2.647,2.658
2015-07-20 00:00:00,2.697,2.664,2.663,2.697
2015-07-21 00:00:00,2.689,2.688,2.682,2.695
2015-07-22 00:00:00,2.71,2.691,2.69,2.722
2015-07-23 00:00:00,2.73,2.713,2.712,2.73
2015-07-24 00:00:00,2.742,2.734,2.726,2.75
2015-07-25 00:00:00,2.743,2.739,2.726,2.75
2015-07-27 00:00:00,2.774,2.744,2.743,2.775
2015-07-28 00:00:00,2.764,2.761,2.744,2.766
2015-07-29 00:00:00,2.76,2.772,2.7555,2.773
2015-07-30 00:00:00,2.781,2.77,2.761,2.788
2015-07-31 00:00:00,2.766,2.785,2.758,2.79
2015-08-01 00:00:00,2.771,2.77,2.758,2.79
2015-08-03 00:00:00,2.7785,2.775,2.77,2.782
2015-08-04 00:00:00,2.771,2.768,2.765,2.774
2015-08-05 00:00:00,2.786,2.788,2.773,2.791
2015-08-06 00:00:00,2.7785,2.788,2.776,2.788
2015-08-07 00:00:00,2.777,2.779,2.7755,2.791
2015-08-08 00:00:00,2.7795,2.779,2.7755,2.791
2015-08-10 00:00:00,2.788,2.784,2.781,2.794
2015-08-11 00:00:00,2.7705,2.768,2.762,2.773
2015-08-12 00:00:00,2.774,2.776,2.769,2.784
2015-08-13 00:00:00,2.819,2.786,2.781,2.827
2015-08-14 00:00:00,2.826,2.83,2.824,2.838
2015-08-15 00:00:00,2.832,2.832,2.824,2.838
2015-08-17 00:00:00,2.848,2.846,2.841,2.86
2015-08-18 00:00:00,2.901,2.872,2.865,2.905
2015-08-19 00:00:00,2.933,2.894,2.889,2.942
2015-08-20 00:00:00,2.908,2.98,2.905,2.99
2015-08-21 00:00:00,2.905,2.911,2.899,2.925
2015-08-22 00:00:00,2.9,2.907,2.896,2.925
2015-08-24 00:00:00,2.93,2.946,2.919,2.968
2015-08-25 00:00:00,2.92,2.927,2.912,2.935
2015-08-26 00:00:00,2.937,2.941,2.917,2.942
2015-08-27 00:00:00,2.908,2.903,2.902,2.921
2015-08-28 00:00:00,2.909,2.919,2.908,2.925
2015-08-29 00:00:00,2.919,2.917,2.908,2.925
2015-08-31 00:00:00,2.911,2.918,2.908,2.925
2015-09-01 00:00:00,2.92,2.912,2.911,2.923
2015-09-02 00:00:00,2.948,2.937,2.934,2.951
2015-09-03 00:00:00,2.958,2.957,2.953,2.976
2015-09-04 00:00:00,2.991,2.973,2.969,2.994
2015-09-05 00:00:00,3.003,2.999,2.969,3.004
2015-09-07 00:00:00,3.032,3.023,3.019,3.037
2015-09-08 00:00:00,3.015,3.017,3.008,3.028
2015-09-09 00:00:00,3.028,3.001,3.0,3.028
2015-09-10 00:00:00,3.042,3.039,3.034,3.048
2015-09-11 00:00:00,3.045,3.037,3.028,3.045
2015-09-12 00:00:00,3.046,3.044,3.028,3.046
2015-09-14 00:00:00,3.059,3.066,3.056,3.069
2015-09-15 00:00:00,3.026,3.05,3.023,3.053
2015-09-16 00:00:00,3.003,3.0175,2.998,3.0215
2015-09-17 00:00:00,3.008,3.011,3.002,3.0265
2015-09-18 00:00:00,2.981,2.999,2.978,3.001
2015-09-19 00:00:00,3.0,3.0,2.978,3.001
2015-09-21 00:00:00,2.998,3.004,2.983,3.004
2015-09-22 00:00:00,3.03,2.997,2.996,3.037
2015-09-23 00:00:00,3.028,3.029,3.022,3.03
2015-09-28 00:00:00,3.048,3.038,3.037,3.06
2015-09-29 00:00:00,3.037,3.049,3.035,3.05
2015-09-30 00:00:00,3.027,3.024,3.022,3.032
2015-10-01 00:00:00,3.017,3.015,3.012,3.026
2015-10-02 00:00:00,2.995,3.028,2.991,3.034
2015-10-03 00:00:00,2.994,2.992,2.991,3.034
2015-10-05 00:00:00,2.9895,2.994,2.984,3.0
2015-10-06 00:00:00,2.983,2.994,2.982,2.996
2015-10-07 00:00:00,2.923,2.939,2.916,2.9445
2015-10-08 00:00:00,2.9205,2.938,2.916,2.944
2015-10-09 00:00:00,2.905,2.906,2.89,2.908
2015-10-10 00:00:00,2.919,2.907,2.89,2.919
2015-10-12 00:00:00,2.923,2.923,2.911,2.929
2015-10-13 00:00:00,2.948,2.943,2.94,2.959
2015-10-14 00:00:00,2.921,2.944,2.919,2.949
2015-10-15 00:00:00,2.886,2.896,2.879,2.898
2015-10-16 00:00:00,2.898,2.894,2.889,2.902
2015-10-17 00:00:00,2.893,2.891,2.889,2.902
2015-10-19 00:00:00,2.9,2.884,2.882,2.902
2015-10-20 00:00:00,2.896,2.899,2.885,2.902
2015-10-21 00:00:00,2.905,2.906,2.898,2.91
2015-10-22 00:00:00,2.875,2.892,2.864,2.894
2015-10-23 00:00:00,2.887,2.867,2.86,2.89
2015-10-24 00:00:00,2.9065,2.904,2.86,2.907
2015-10-26 00:00:00,2.885,2.891,2.88,2.9
2015-10-26 01:00:00,2.885,2.885,2.881,2.889
2015-10-27 00:00:00,2.912,2.891,2.889,2.914
2015-10-27 01:00:00,2.912,2.891,2.89,2.914
2015-10-28 00:00:00,2.8925,2.901,2.889,2.903
2015-10-30 00:00:00,2.911,2.919,2.909,2.92
2015-10-31 00:00:00,2.911,2.913,2.909,2.92
2015-11-02 00:00:00,2.809,2.814,2.794,2.814
2015-11-03 00:00:00,2.841,2.825,2.821,2.8485
2015-11-04 00:00:00,2.846,2.836,2.834,2.846
2015-11-05 00:00:00,2.858,2.87,2.856,2.876
2015-11-06 00:00:00,2.913,2.871,2.869,2.919
2015-11-07 00:00:00,2.916,2.916,2.869,2.919
2015-11-09 01:00:00,2.923,2.922,2.915,2.927
2015-11-10 01:00:00,2.915,2.909,2.908,2.921
2015-11-11 01:00:00,2.889,2.896,2.882,2.896
2015-11-12 01:00:00,2.867,2.88,2.864,2.891
2015-11-13 01:00:00,2.866,2.875,2.858,2.876
2015-11-14 01:00:00,2.869,2.865,2.858,2.876
2015-11-16 01:00:00,2.876,2.88,2.873,2.884
2015-11-17 01:00:00,2.869,2.877,2.86,2.879
2015-11-18 01:00:00,2.8685,2.868,2.855,2.87
2015-11-19 01:00:00,2.8415,2.853,2.839,2.854
2015-11-20 01:00:00,2.825,2.841,2.815,2.841
2015-11-21 01:00:00,2.829,2.828,2.815,2.841
2015-11-23 01:00:00,2.845,2.843,2.8395,2.849
2015-11-24 01:00:00,2.874,2.874,2.86,2.883
2015-11-25 01:00:00,2.8825,2.887,2.875,2.892
2015-11-26 01:00:00,2.919,2.898,2.897,2.919
2015-11-27 01:00:00,2.918,2.93,2.91,2.931
2015-11-28 01:00:00,2.925,2.922,2.91,2.931
2015-11-30 01:00:00,2.9,2.914,2.897,2.914
2015-12-01 01:00:00,2.885,2.893,2.878,2.8995
2015-12-02 01:00:00,2.891,2.878,2.873,2.892
2015-12-03 01:00:00,2.891,2.882,2.87,2.893
2015-12-04 01:00:00,2.879,2.8845,2.876,2.914
2015-12-05 01:00:00,2.89,2.89,2.876,2.914
2015-12-07 01:00:00,2.913,2.887,2.886,2.914
2015-12-08 01:00:00,2.913,2.915,2.907,2.923
2015-12-09 01:00:00,2.912,2.914,2.909,2.921
2015-12-10 01:00:00,2.915,2.912,2.905,2.919
2015-12-11 01:00:00,2.966,2.939,2.936,2.97
2015-12-12 01:00:00,2.981,2.979,2.936,2.981
2015-12-14 01:00:00,2.991,2.952,2.95,2.996
2015-12-15 01:00:00,2.954,2.979,2.951,2.981
2015-12-16 01:00:00,2.9565,2.967,2.955,2.973
2015-12-17 01:00:00,2.926,2.936,2.917,2.9385
2015-12-18 01:00:00,2.911,2.927,2.905,2.9275
2015-12-19 01:00:00,2.908,2.907,2.905,2.9275
2015-12-21 01:00:00,2.91,2.907,2.904,2.911
2015-12-22 01:00:00,2.939,2.919,2.916,2.947
2015-12-23 01:00:00,2.924,2.9235,2.921,2.937
2015-12-24 01:00:00,2.917,2.924,2.916,2.924
2015-12-25 01:00:00,2.914,2.915,2.912,2.916
2015-12-26 01:00:00,2.918,2.915,2.912,2.9185
2015-12-28 01:00:00,2.908,2.92,2.907,2.921
2015-12-29 01:00:00,2.905,2.9105,2.904,2.914
2015-12-30 01:00:00,2.917,2.91,2.906,2.919
2015-12-31 01:00:00,2.915,2.917,2.913,2.928
2016-01-02 01:00:00,2.916,2.916,2.915,2.916
2016-01-04 01:00:00,2.966,2.946,2.939,2.966
2016-01-05 01:00:00,2.978,2.97,2.968,2.989
2016-01-06 01:00:00,3.007,3.005,2.999,3.013
2016-01-07 01:00:00,2.998,3.025,2.995,3.025
2016-01-08 01:00:00,3.005,2.992,2.983,3.01
2016-01-09 01:00:00,3.015,3.016,2.983,3.016
2016-01-11 01:00:00,3.027,3.013,3.011,3.029
2016-01-12 01:00:00,3.032,3.043,3.024,3.043
2016-01-13 01:00:00,3.014,3.014,3.005,3.019
2016-01-14 01:00:00,3.027,3.035,3.023,3.039
2016-01-15 01:00:00,3.036,3.041,3.0295,3.043
2016-01-16 01:00:00,3.046,3.045,3.0295,3.046
2016-01-18 01:00:00,3.038,3.038,3.034,3.041
2016-01-19 01:00:00,3.039,3.026,3.022,3.045
2016-01-20 01:00:00,3.047,3.055,3.044,3.06
2016-01-21 01:00:00,3.028,3.047,3.025,3.048
2016-01-22 01:00:00,3.012,3.015,3.003,3.019
2016-01-23 01:00:00,3.003,3.002,3.001,3.019
2016-01-25 01:00:00,3.016,3.013,3.005,3.021
2016-01-26 01:00:00,3.0075,3.03,3.006,3.032
2016-01-27 01:00:00,2.993,3.008,2.987,3.008
2016-01-28 01:00:00,2.975,2.98,2.967,2.984
2016-01-29 01:00:00,2.964,2.969,2.957,2.969
2016-01-30 01:00:00,2.955,2.954,2.953,2.969
2016-02-01 01:00:00,2.957,2.971,2.956,2.976
2016-02-02 01:00:00,2.953,2.956,2.9495,2.959
2016-02-03 01:00:00,2.943,2.956,2.93,2.957
2016-02-04 01:00:00,2.9075,2.919,2.89,2.919
2016-02-05 01:00:00,2.921,2.915,2.896,2.922
2016-02-06 01:00:00,2.916,2.915,2.896,2.922
2016-02-08 01:00:00,2.946,2.923,2.919,2.949
2016-02-09 01:00:00,2.937,2.95,2.929,2.957
2016-02-10 01:00:00,2.922,2.924,2.918,2.9295
2016-02-11 01:00:00,2.921,2.933,2.917,2.937
2016-02-12 01:00:00,2.923,2.922,2.918,2.927
2016-02-13 01:00:00,2.916,2.92,2.914,2.927
2016-02-15 01:00:00,2.948,2.945,2.937,2.951
2016-02-16 01:00:00,2.968,2.955,2.949,2.97
2016-02-17 01:00:00,2.95,2.97,2.948,2.972
2016-02-18 01:00:00,2.962,2.964,2.955,2.969
2016-02-19 01:00:00,2.955,2.97,2.952,2.971
2016-02-20 01:00:00,2.951,2.949,2.948,2.971
2016-02-22 01:00:00,2.9455,2.944,2.941,2.9515
2016-02-23 01:00:00,2.9355,2.939,2.929,2.939
2016-02-24 01:00:00,2.943,2.939,2.9345,2.951
2016-02-25 01:00:00,2.926,2.937,2.919,2.937
2016-02-26 01:00:00,2.947,2.93,2.926,2.949
2016-02-27 01:00:00,2.977,2.984,2.926,2.984
2016-02-29 01:00:00,2.9575,2.956,2.954,2.966
2016-03-01 01:00:00,2.945,2.9575,2.941,2.9575
2016-03-02 01:00:00,2.942,2.943,2.936,2.947
2016-03-03 01:00:00,2.9185,2.929,2.916,2.931
2016-03-04 01:00:00,2.907,2.917,2.9045,2.923
2016-03-05 01:00:00,2.907,2.904,2.903,2.923
2016-03-07 01:00:00,2.919,2.921,2.916,2.93
2016-03-08 01:00:00,2.911,2.924,2.91,2.924
2016-03-09 01:00:00,2.895,2.908,2.893,2.911
2016-03-10 01:00:00,2.894,2.889,2.876,2.901
2016-03-11 01:00:00,2.874,2.877,2.867,2.88
2016-03-12 01:00:00,2.87,2.868,2.867,2.88
2016-03-14 01:00:00,2.879,2.878,2.876,2.8845
2016-03-15 01:00:00,2.904,2.887,2.881,2.91
2016-03-16 01:00:00,2.922,2.904,2.903,2.928
2016-03-17 01:00:00,2.856,2.852,2.848,2.866
2016-03-18 01:00:00,2.867,2.861,2.8515,2.8675
2016-03-19 01:00:00,2.871,2.866,2.8515,2.874
2016-03-21 01:00:00,2.859,2.871,2.856,2.877
2016-03-22 01:00:00,2.868,2.875,2.866,2.88
2016-03-23 01:00:00,2.8745,2.8705,2.8655,2.878
2016-03-24 01:00:00,2.8775,2.879,2.874,2.887
2016-03-25 01:00:00,2.872,2.875,2.868,2.875
2016-03-26 01:00:00,2.875,2.874,2.868,2.875
2016-03-28 00:00:00,2.87,2.875,2.866,2.878
2016-03-29 00:00:00,2.8645,2.873,2.863,2.874
2016-03-30 00:00:00,2.831,2.83,2.8275,2.842
2016-03-31 00:00:00,2.821,2.832,2.813,2.832
2016-04-01 00:00:00,2.832,2.826,2.814,2.834
2016-04-02 00:00:00,2.824,2.823,2.814,2.834
2016-04-04 00:00:00,2.813,2.8225,2.806,2.8235
2016-04-05 00:00:00,2.826,2.826,2.824,2.835
2016-04-06 00:00:00,2.851,2.835,2.832,2.857
2016-04-07 00:00:00,2.857,2.841,2.838,2.857
2016-04-08 00:00:00,2.847,2.861,2.844,2.861
2016-04-09 00:00:00,2.846,2.847,2.844,2.861
2016-04-11 00:00:00,2.8295,2.841,2.819,2.842
2016-04-12 00:00:00,2.842,2.827,2.8255,2.847
2016-04-13 00:00:00,2.85,2.846,2.843,2.857
2016-04-14 00:00:00,2.855,2.864,2.85,2.864
2016-04-15 00:00:00,2.8545,2.8585,2.8515,2.86
2016-04-16 00:00:00,2.854,2.853,2.8515,2.86
2016-04-18 00:00:00,2.844,2.855,2.84,2.857
2016-04-19 00:00:00,2.828,2.836,2.825,2.841
2016-04-20 00:00:00,2.818,2.836,2.808,2.838
2016-04-21 00:00:00,2.825,2.823,2.812,2.831
2016-04-22 00:00:00,2.836,2.829,2.824,2.838
2016-04-23 00:00:00,2.848,2.846,2.824,2.848
2016-04-25 00:00:00,2.849,2.85,2.843,2.851
2016-04-26 00:00:00,2.825,2.841,2.8205,2.842
2016-04-27 00:00:00,2.827,2.819,2.816,2.828
2016-04-28 00:00:00,2.816,2.815,2.811,2.823
2016-04-29 00:00:00,2.7925,2.803,2.787,2.805
2016-04-30 00:00:00,2.793,2.792,2.787,2.805
2016-05-02 00:00:00,2.801,2.794,2.78,2.801
2016-05-03 00:00:00,2.846,2.797,2.7945,2.85
2016-05-04 00:00:00,2.88,2.859,2.853,2.881
2016-05-05 00:00:00,2.924,2.918,2.889,2.939
2016-05-06 00:00:00,2.916,2.921,2.908,2.937
2016-05-07 00:00:00,2.92,2.922,2.908,2.937
2016-05-09 00:00:00,2.937,2.922,2.918,2.937
2016-05-10 00:00:00,2.941,2.94,2.932,2.945
2016-05-11 00:00:00,2.955,2.962,2.954,2.972
2016-05-12 00:00:00,2.952,2.945,2.94,2.953
2016-05-13 00:00:00,2.966,2.956,2.952,2.968
2016-05-14 00:00:00,2.965,2.965,2.952,2.968
2016-05-16 00:00:00,2.977,2.965,2.963,2.984
2016-05-17 00:00:00,2.9635,2.963,2.9595,2.972
2016-05-18 00:00:00,2.968,2.979,2.9655,2.983
2016-05-19 00:00:00,2.9885,2.986,2.981,2.992
2016-05-20 00:00:00,2.977,2.97,2.966,2.985
2016-05-21 00:00:00,2.973,2.971,2.966,2.985
2016-05-23 00:00:00,2.991,2.979,2.974,2.994
2016-05-24 00:00:00,2.947,3.004,2.945,3.005
2016-05-25 00:00:00,2.94,2.94,2.934,2.953
2016-05-26 00:00:00,2.935,2.941,2.925,2.942
2016-05-27 00:00:00,2.9495,2.941,2.938,2.951
2016-05-28 00:00:00,2.9575,2.956,2.938,2.958
2016-05-30 00:00:00,2.953,2.959,2.949,2.959
2016-05-31 00:00:00,2.95,2.9535,2.943,2.9565
2016-06-01 00:00:00,2.946,2.947,2.944,2.955
2016-06-02 00:00:00,2.944,2.94,2.936,2.951
2016-06-03 00:00:00,2.9175,2.95,2.912,2.95
2016-06-04 00:00:00,2.905,2.9055,2.9035,2.95
2016-06-06 00:00:00,2.907,2.91,2.9045,2.912
2016-06-07 00:00:00,2.899,2.899,2.891,2.904
2016-06-08 00:00:00,2.8865,2.887,2.88,2.897
2016-06-09 00:00:00,2.897,2.895,2.892,2.9
2016-06-10 00:00:00,2.9135,2.907,2.904,2.916
2016-06-11 00:00:00,2.926,2.925,2.904,2.927
2016-06-13 00:00:00,2.9115,2.922,2.91,2.925
2016-06-14 00:00:00,2.927,2.931,2.92,2.939
2016-06-15 00:00:00,2.927,2.931,2.925,2.932
2016-06-16 00:00:00,2.9505,2.929,2.925,2.952
2016-06-17 00:00:00,2.927,2.93,2.924,2.931
2016-06-18 00:00:00,2.9255,2.926,2.924,2.931
2016-06-20 00:00:00,2.9035,2.9065,2.896,2.907
2016-06-21 00:00:00,2.908,2.897,2.893,2.912
2016-06-22 00:00:00,2.899,2.912,2.894,2.912
2016-06-23 00:00:00,2.876,2.892,2.866,2.893
2016-06-24 00:00:00,2.918,2.911,2.91,2.933
2016-06-25 00:00:00,2.92,2.923,2.91,2.933
2016-06-27 00:00:00,2.931,2.927,2.925,2.941
2016-06-28 00:00:00,2.901,2.913,2.891,2.921
2016-06-29 00:00:00,2.893,2.893,2.889,2.9
2016-06-30 00:00:00,2.88,2.881,2.878,2.886
2016-07-01 00:00:00,2.886,2.882,2.876,2.889
2016-07-02 00:00:00,2.896,2.895,2.876,2.897
2016-07-04 00:00:00,2.899,2.893,2.891,2.9
2016-07-08 00:00:00,2.909,2.921,2.903,2.931
2016-07-09 00:00:00,2.893,2.892,2.89,2.931
2016-07-11 00:00:00,2.899,2.898,2.893,2.904
2016-07-12 00:00:00,2.89,2.891,2.884,2.893
2016-07-13 00:00:00,2.898,2.899,2.891,2.902
2016-07-14 00:00:00,2.885,2.897,2.884,2.899
2016-07-15 00:00:00,2.8895,2.885,2.8815,2.89
2016-07-18 00:00:00,2.96,2.943,2.936,2.978
2016-07-19 00:00:00,3.014,2.979,2.966,3.023
2016-07-20 00:00:00,3.035,3.024,3.013,3.045
2016-07-21 00:00:00,3.073,3.071,3.061,3.082
2016-07-22 00:00:00,3.0565,3.063,3.038,3.068
2016-07-23 00:00:00,3.065,3.06,3.038,3.068
2016-07-25 00:00:00,3.0325,3.03,3.021,3.0345
2016-07-26 00:00:00,3.043,3.033,3.027,3.048
2016-07-27 00:00:00,3.028,3.037,3.024,3.043
2016-07-28 00:00:00,3.013,3.017,3.009,3.023
2016-07-29 00:00:00,2.992,3.013,2.991,3.0175
2016-07-30 00:00:00,2.987,2.986,2.984,3.0175
2016-08-01 00:00:00,2.989,2.975,2.971,2.991
2016-08-02 00:00:00,2.9885,2.995,2.981,3.0
2016-08-03 00:00:00,3.015,3.007,3.006,3.019
2016-08-04 00:00:00,3.015,3.019,3.014,3.0255
2016-08-05 00:00:00,3.015,3.002,2.997,3.017
2016-08-06 00:00:00,2.998,2.998,2.996,3.017
2016-08-08 00:00:00,2.985,2.986,2.979,2.9895
2016-08-09 00:00:00,2.967,2.983,2.966,2.986
2016-08-10 00:00:00,2.9585,2.963,2.947,2.964
2016-08-11 00:00:00,2.956,2.967,2.955,2.969
2016-08-12 00:00:00,2.952,2.956,2.944,2.963
2016-08-13 00:00:00,2.959,2.958,2.944,2.963
2016-08-15 00:00:00,2.9475,2.954,2.945,2.9565
2016-08-16 00:00:00,2.9355,2.934,2.9175,2.939
2016-08-17 00:00:00,2.9325,2.933,2.929,2.94
2016-08-18 00:00:00,2.93,2.924,2.92,2.9335
2016-08-19 00:00:00,2.93,2.94,2.929,2.942
2016-08-20 00:00:00,2.929,2.929,2.928,2.942
2016-08-22 00:00:00,2.945,2.945,2.94,2.949
2016-08-23 00:00:00,2.938,2.937,2.929,2.943
2016-08-24 00:00:00,2.949,2.956,2.946,2.956
2016-08-25 00:00:00,2.943,2.942,2.936,2.945
2016-08-26 00:00:00,2.935,2.938,2.926,2.949
2016-08-27 00:00:00,2.952,2.95,2.926,2.953
2016-08-29 00:00:00,2.954,2.957,2.951,2.959
2016-08-30 00:00:00,2.96,2.954,2.951,2.96
2016-08-31 00:00:00,2.957,2.955,2.95,2.959
2016-09-01 00:00:00,2.962,2.956,2.953,2.97
2016-09-02 00:00:00,2.956,2.962,2.943,2.962
2016-09-03 00:00:00,2.951,2.949,2.943,2.962
2016-09-05 00:00:00,2.948,2.946,2.944,2.95
2016-09-06 00:00:00,2.932,2.943,2.93,2.943
2016-09-07 00:00:00,2.931,2.929,2.926,2.933
2016-09-08 00:00:00,2.938,2.938,2.928,2.942
2016-09-09 00:00:00,2.964,2.95,2.949,2.968
2016-09-10 00:00:00,2.964,2.962,2.949,2.968
2016-09-16 00:00:00,2.979,2.966,2.9635,2.982
2016-09-17 00:00:00,2.981,2.9795,2.9635,2.982
2016-09-19 00:00:00,2.975,2.975,2.971,2.9795
2016-09-20 00:00:00,2.973,2.976,2.972,2.979
2016-09-21 00:00:00,2.977,2.976,2.972,2.979
2016-09-22 00:00:00,2.944,2.948,2.938,2.9525
2016-09-23 00:00:00,2.955,2.95,2.946,2.955
2016-09-24 00:00:00,2.973,2.97,2.946,2.974
2016-09-26 00:00:00,2.98,2.984,2.973,2.99
2016-09-27 00:00:00,2.979,2.969,2.968,2.983
2016-09-28 00:00:00,2.98,2.976,2.974,2.981
2016-09-29 00:00:00,2.994,2.99,2.988,3.005
2016-09-30 00:00:00,2.997,3.004,2.993,3.005
2016-10-01 00:00:00,2.999,2.998,2.993,3.005
2016-10-03 00:00:00,3.019,2.998,2.997,3.024
2016-10-04 00:00:00,3.0485,3.026,3.024,3.05
2016-10-05 00:00:00,3.063,3.051,3.048,3.065
2016-10-06 00:00:00,3.051,3.054,3.048,3.057
2016-10-07 00:00:00,3.051,3.052,3.034,3.057
2016-10-08 00:00:00,3.052,3.051,3.034,3.057
2016-10-10 00:00:00,3.071,3.052,3.051,3.075
2016-10-11 00:00:00,3.0855,3.084,3.076,3.089
2016-10-12 00:00:00,3.088,3.074,3.071,3.097
2016-10-13 00:00:00,3.094,3.102,3.091,3.112
2016-10-14 00:00:00,3.079,3.095,3.072,3.0955
2016-10-15 00:00:00,3.09,3.09,3.072,3.0955
2016-10-17 00:00:00,3.0985,3.099,3.091,3.107
2016-10-18 00:00:00,3.102,3.089,3.088,3.113
2016-10-19 00:00:00,3.075,3.088,3.069,3.089
2016-10-20 00:00:00,3.058,3.07,3.052,3.076
2016-10-21 00:00:00,3.084,3.076,3.072,3.0885
2016-10-22 00:00:00,3.081,3.081,3.072,3.0885
2016-10-24 00:00:00,3.0755,3.075,3.069,3.0775
2016-10-25 00:00:00,3.079,3.087,3.071,3.087
2016-10-26 00:00:00,3.085,3.075,3.074,3.089
2016-10-27 00:00:00,3.1045,3.096,3.094,3.108
2016-10-28 00:00:00,3.112,3.115,3.109,3.122
2016-10-31 00:00:00,3.102,3.106,3.097,3.107
2016-11-01 00:00:00,3.1115,3.101,3.097,3.113
2016-11-02 00:00:00,3.12,3.113,3.107,3.121
2016-11-03 00:00:00,3.109,3.118,3.105,3.118
2016-11-04 00:00:00,3.161,3.128,3.127,3.161
2016-11-05 00:00:00,3.148,3.15,3.127,3.161
2016-11-07 00:00:00,3.164,3.149,3.146,3.17
2016-11-08 00:00:00,3.171,3.181,3.167,3.182
2016-11-09 00:00:00,3.2125,3.175,3.172,3.214
2016-11-10 00:00:00,3.243,3.196,3.193,3.245
2016-11-11 00:00:00,3.253,3.26,3.246,3.274
2016-11-12 00:00:00,3.253,3.251,3.246,3.274
2016-11-14 00:00:00,3.279,3.272,3.27,3.296
2016-11-15 00:00:00,3.289,3.271,3.2635,3.291
2016-11-16 00:00:00,3.322,3.312,3.304,3.326
2016-11-17 00:00:00,3.348,3.311,3.309,3.35
2016-11-18 00:00:00,3.3755,3.39,3.357,3.406
2016-11-19 00:00:00,3.371,3.37,3.357,3.406
2016-11-21 00:00:00,3.3735,3.389,3.352,3.389
2016-11-22 00:00:00,3.3735,3.365,3.352,3.377
2016-11-23 00:00:00,3.413,3.386,3.385,3.414
2016-11-24 00:00:00,3.427,3.417,3.367,3.441
2016-11-25 00:00:00,3.449,3.452,3.434,3.461
2016-11-26 00:00:00,3.449,3.449,3.434,3.461
2016-11-28 00:00:00,3.43,3.42,3.407,3.435
2016-11-29 00:00:00,3.4235,3.416,3.413,3.434
2016-11-30 00:00:00,3.433,3.417,3.411,3.437
2016-12-01 00:00:00,3.492,3.444,3.441,3.494
2016-12-02 00:00:00,3.522,3.486,3.484,3.579
2016-12-03 00:00:00,3.514,3.518,3.484,3.579
2016-12-05 00:00:00,3.533,3.54,3.52,3.545
2016-12-06 00:00:00,3.461,3.515,3.456,3.522
2016-12-07 00:00:00,3.404,3.449,3.402,3.451
2016-12-08 00:00:00,3.451,3.367,3.339,3.491
2016-12-09 00:00:00,3.476,3.451,3.45,3.484
2016-12-10 00:00:00,3.482,3.479,3.45,3.484
2016-12-12 00:00:00,3.494,3.519,3.491,3.534
2016-12-13 00:00:00,3.483,3.46,3.459,3.492
2016-12-14 00:00:00,3.478,3.488,3.473,3.491
2016-12-15 00:00:00,3.514,3.523,3.504,3.539
2016-12-16 00:00:00,3.506,3.502,3.491,3.508
2016-12-17 00:00:00,3.514,3.508,3.491,3.515
2016-12-19 00:00:00,3.502,3.499,3.496,3.511
2016-12-20 00:00:00,3.523,3.516,3.503,3.541
2016-12-21 00:00:00,3.513,3.514,3.507,3.521
2016-12-22 00:00:00,3.5145,3.511,3.507,3.519
2016-12-23 00:00:00,3.516,3.513,3.508,3.516
2016-12-24 00:00:00,3.514,3.516,3.508,3.517
2016-12-26 00:00:00,3.509,3.51,3.507,3.511
2016-12-27 00:00:00,3.524,3.5145,3.513,3.525
2016-12-28 00:00:00,3.5485,3.533,3.532,3.5495
2016-12-29 00:00:00,3.531,3.536,3.529,3.538
2016-12-30 00:00:00,3.523,3.527,3.514,3.53
2016-12-31 00:00:00,3.525,3.524,3.514,3.53
2017-01-02 00:00:00,3.539,3.535,3.5335,3.544
2017-01-03 00:00:00,3.589,3.574,3.564,3.603
2017-01-04 00:00:00,3.58,3.582,3.567,3.587
2017-01-05 00:00:00,3.624,3.573,3.57,3.631
2017-01-06 00:00:00,3.626,3.622,3.607,3.635
2017-01-07 00:00:00,3.642,3.64,3.607,3.642
2017-01-09 00:00:00,3.731,3.682,3.675,3.736
2017-01-10 00:00:00,3.777,3.758,3.739,3.786
2017-01-11 00:00:00,3.892,3.845,3.841,3.899
2017-01-12 00:00:00,3.792,3.864,3.769,3.874
2017-01-13 00:00:00,3.789,3.794,3.78,3.824
2017-01-14 00:00:00,3.726,3.726,3.724,3.824
2017-01-16 00:00:00,3.773,3.749,3.745,3.788
2017-01-17 00:00:00,3.777,3.78,3.765,3.805
2017-01-18 00:00:00,3.781,3.784,3.774,3.795
2017-01-19 00:00:00,3.8345,3.8,3.787,3.8385
2017-01-20 00:00:00,3.814,3.815,3.807,3.832
2017-01-21 00:00:00,3.769,3.768,3.767,3.832
2017-01-23 00:00:00,3.778,3.767,3.763,3.784
2017-01-24 00:00:00,3.764,3.753,3.736,3.826
2017-01-25 00:00:00,3.839,3.798,3.794,3.842
2017-01-26 00:00:00,3.861,3.818,3.816,3.867
2017-01-27 00:00:00,3.874,3.891,3.861,3.891
2017-01-28 00:00:00,3.88,3.873,3.861,3.891
2017-01-30 00:00:00,3.808,3.864,3.799,3.865
2017-01-31 00:00:00,3.789,3.784,3.772,3.805
2017-02-01 00:00:00,3.776,3.794,3.76,3.794
2017-02-02 00:00:00,3.729,3.723,3.72,3.744
2017-02-03 00:00:00,3.711,3.75,3.69,3.753
2017-02-04 00:00:00,3.698,3.697,3.69,3.753
2017-02-06 00:00:00,3.685,3.679,3.669,3.694
2017-02-07 00:00:00,3.738,3.71,3.704,3.7385
2017-02-08 00:00:00,3.721,3.755,3.714,3.755
2017-02-09 00:00:00,3.682,3.713,3.681,3.718
2017-02-10 00:00:00,3.706,3.685,3.665,3.7085
2017-02-11 00:00:00,3.696,3.696,3.665,3.7085
2017-02-13 00:00:00,3.679,3.69,3.674,3.698
2017-02-14 00:00:00,3.65,3.658,3.639,3.661
2017-02-15 00:00:00,3.688,3.645,3.639,3.701
2017-02-16 00:00:00,3.661,3.672,3.66,3.687
2017-02-17 00:00:00,3.643,3.665,3.641,3.68
2017-02-18 00:00:00,3.633,3.632,3.631,3.68
2017-02-20 00:00:00,3.624,3.62,3.614,3.636
2017-02-21 00:00:00,3.63,3.627,3.614,3.631
2017-02-22 00:00:00,3.603,3.612,3.598,3.62
2017-02-23 00:00:00,3.5645,3.574,3.561,3.584
2017-02-24 00:00:00,3.584,3.569,3.566,3.585
2017-02-25 00:00:00,3.598,3.597,3.566,3.599
2017-02-27 00:00:00,3.5905,3.582,3.58,3.599
2017-02-28 00:00:00,3.618,3.613,3.604,3.625
2017-03-01 00:00:00,3.668,3.638,3.626,3.673
2017-03-02 00:00:00,3.705,3.68,3.678,3.708
2017-03-03 00:00:00,3.723,3.724,3.712,3.741
2017-03-04 00:00:00,3.701,3.702,3.7,3.741
2017-03-06 00:00:00,3.709,3.72,3.702,3.724
2017-03-07 00:00:00,3.677,3.689,3.671,3.691
2017-03-08 00:00:00,3.734,3.698,3.696,3.744
2017-03-09 00:00:00,3.745,3.758,3.742,3.767
2017-03-10 00:00:00,3.734,3.76,3.728,3.762
2017-03-11 00:00:00,3.731,3.732,3.728,3.762
2017-03-13 00:00:00,3.746,3.74,3.734,3.751
2017-03-14 00:00:00,3.749,3.757,3.74,3.759
2017-03-15 00:00:00,3.724,3.742,3.715,3.742
2017-03-16 00:00:00,3.641,3.683,3.637,3.692
2017-03-17 00:00:00,3.62,3.609,3.604,3.628
2017-03-18 00:00:00,3.638,3.636,3.604,3.638
2017-03-20 00:00:00,3.63,3.632,3.624,3.639
2017-03-21 00:00:00,3.602,3.627,3.5915,3.629
2017-03-22 00:00:00,3.624,3.632,3.618,3.645
2017-03-23 00:00:00,3.624,3.621,3.612,3.626
2017-03-24 00:00:00,3.619,3.626,3.612,3.629
2017-03-25 00:00:00,3.614,3.613,3.612,3.629
2017-03-27 00:00:00,3.622,3.595,3.593,3.624
2017-03-28 00:00:00,3.625,3.623,3.614,3.63
2017-03-29 00:00:00,3.6415,3.645,3.637,3.652
2017-03-30 00:00:00,3.634,3.642,3.629,3.644
2017-03-31 00:00:00,3.642,3.641,3.63,3.642
2017-04-01 00:00:00,3.634,3.635,3.63,3.642
2017-04-03 00:00:00,3.638,3.641,3.636,3.647
2017-04-04 00:00:00,3.66,3.644,3.6421,3.665
2017-04-05 00:00:00,3.689,3.669,3.666,3.702
2017-04-06 00:00:00,3.707,3.717,3.701,3.717
2017-04-07 00:00:00,3.721,3.721,3.714,3.73
2017-04-08 00:00:00,3.724,3.724,3.714,3.73
2017-04-10 00:00:00,3.725,3.732,3.719,3.734
2017-04-11 00:00:00,3.714,3.724,3.705,3.725
2017-04-12 00:00:00,3.661,3.684,3.658,3.686
2017-04-13 00:00:00,3.674,3.645,3.6435,3.678
2017-04-14 00:00:00,3.688,3.675,3.674,3.696
2017-04-15 00:00:00,3.68,3.7,3.674,3.705
2017-04-17 00:00:00,3.662,3.669,3.652,3.67
2017-04-18 00:00:00,3.685,3.689,3.681,3.695
2017-04-19 00:00:00,3.668,3.673,3.66,3.675
2017-04-20 00:00:00,3.642,3.649,3.629,3.653
2017-04-21 00:00:00,3.644,3.643,3.64,3.649
2017-04-22 00:00:00,3.641,3.6395,3.6385,3.649
2017-04-24 00:00:00,3.592,3.606,3.581,3.607
2017-04-25 00:00:00,3.593,3.589,3.58,3.6055
2017-04-26 00:00:00,3.579,3.591,3.564,3.5985
2017-04-27 00:00:00,3.564,3.566,3.56,3.568
2017-04-28 00:00:00,3.55,3.563,3.542,3.5645
2017-04-29 00:00:00,3.5555,3.552,3.542,3.5645
2017-05-01 00:00:00,3.5535,3.556,3.549,3.558
2017-05-02 00:00:00,3.535,3.538,3.533,3.542
2017-05-03 00:00:00,3.531,3.532,3.53,3.539
2017-05-04 00:00:00,3.556,3.541,3.5395,3.567
2017-05-05 00:00:00,3.552,3.563,3.546,3.569
2017-05-06 00:00:00,3.55,3.546,3.545,3.569
2017-05-08 00:00:00,3.5645,3.547,3.546,3.5655
2017-05-09 00:00:00,3.595,3.594,3.59,3.608
2017-05-10 00:00:00,3.588,3.608,3.5835,3.61
2017-05-11 00:00:00,3.58,3.574,3.567,3.592
2017-05-12 00:00:00,3.576,3.587,3.565,3.595
2017-05-13 00:00:00,3.575,3.576,3.565,3.595
2017-05-15 00:00:00,3.554,3.564,3.552,3.567
2017-05-16 00:00:00,3.553,3.547,3.546,3.563
2017-05-17 00:00:00,3.56,3.564,3.546,3.5685
2017-05-18 00:00:00,3.604,3.61,3.603,3.631
2017-05-19 00:00:00,3.576,3.592,3.571,3.592
2017-05-20 00:00:00,3.575,3.568,3.5665,3.592
2017-05-22 00:00:00,3.561,3.567,3.551,3.573
2017-05-23 00:00:00,3.563,3.572,3.556,3.574
2017-05-24 00:00:00,3.565,3.567,3.558,3.572
2017-05-25 00:00:00,3.564,3.56,3.557,3.568
2017-05-26 00:00:00,3.57,3.575,3.556,3.575
2017-05-27 00:00:00,3.5715,3.574,3.556,3.575
2017-05-29 00:00:00,3.5745,3.579,3.571,3.579
2017-05-30 00:00:00,3.554,3.572,3.548,3.572
2017-05-31 00:00:00,3.5405,3.538,3.526,3.543
2017-06-01 00:00:00,3.5415,3.535,3.532,3.544
2017-06-02 00:00:00,3.514,3.534,3.51,3.535
2017-06-03 00:00:00,3.51,3.508,3.507,3.535
2017-06-05 00:00:00,3.53,3.504,3.501,3.5315
2017-06-06 00:00:00,3.521,3.534,3.514,3.541
2017-06-07 00:00:00,3.531,3.518,3.514,3.545
2017-06-08 00:00:00,3.535,3.54,3.53,3.547
2017-06-09 00:00:00,3.535,3.528,3.522,3.535
2017-06-10 00:00:00,3.535,3.535,3.522,3.536
2017-06-12 00:00:00,3.524,3.523,3.514,3.526
2017-06-13 00:00:00,3.524,3.523,3.518,3.529
2017-06-14 00:00:00,3.491,3.519,3.487,3.52
2017-06-15 00:00:00,3.522,3.504,3.4995,3.5255
2017-06-16 00:00:00,3.5125,3.521,3.506,3.521
2017-06-17 00:00:00,3.5065,3.506,3.504,3.521
2017-06-19 00:00:00,3.519,3.513,3.503,3.522
2017-06-20 00:00:00,3.539,3.522,3.518,3.542
2017-06-21 00:00:00,3.531,3.546,3.525,3.547
2017-06-22 00:00:00,3.52,3.525,3.514,3.525
2017-06-23 00:00:00,3.509,3.507,3.5,3.511
2017-06-24 00:00:00,3.5135,3.514,3.5,3.514
2017-06-28 00:00:00,3.519,3.526,3.512,3.535
2017-06-29 00:00:00,3.517,3.511,3.507,3.526
2017-06-30 00:00:00,3.52,3.52,3.507,3.521
2017-07-01 00:00:00,3.523,3.519,3.507,3.523
2017-07-03 00:00:00,3.554,3.53,3.526,3.555
2017-07-04 00:00:00,3.56,3.546,3.545,3.565
2017-07-05 00:00:00,3.602,3.576,3.573,3.604
2017-07-06 00:00:00,3.625,3.624,3.613,3.634
2017-07-07 00:00:00,3.625,3.634,3.6125,3.637
2017-07-08 00:00:00,3.62,3.619,3.6125,3.637
2017-07-10 00:00:00,3.607,3.604,3.601,3.611
2017-07-11 00:00:00,3.626,3.639,3.621,3.639
2017-07-12 00:00:00,3.581,3.613,3.577,3.614
2017-07-13 00:00:00,3.575,3.573,3.56,3.577
2017-07-14 00:00:00,3.541,3.562,3.532,3.565
2017-07-15 00:00:00,3.541,3.54,3.532,3.565
2017-07-17 00:00:00,3.529,3.542,3.527,3.55
2017-07-18 00:00:00,3.5295,3.528,3.523,3.533
2017-07-19 00:00:00,3.522,3.538,3.514,3.538
2017-07-20 00:00:00,3.526,3.529,3.523,3.543
2017-07-21 00:00:00,3.531,3.533,3.518,3.538
2017-07-22 00:00:00,3.53,3.531,3.518,3.538
2017-07-24 00:00:00,3.5495,3.539,3.535,3.563
2017-07-25 00:00:00,3.559,3.557,3.551,3.562
2017-07-26 00:00:00,3.5525,3.56,3.55,3.564
2017-07-27 00:00:00,3.53,3.53,3.522,3.535
2017-07-28 00:00:00,3.5295,3.53,3.527,3.535
2017-07-29 00:00:00,3.526,3.527,3.526,3.527
2017-07-31 00:00:00,3.521,3.528,3.509,3.528
2017-08-01 00:00:00,3.517,3.512,3.512,3.524
2017-08-02 00:00:00,3.533,3.531,3.527,3.538
2017-08-03 00:00:00,3.535,3.543,3.534,3.544
2017-08-04 00:00:00,3.535,3.531,3.522,3.537
2017-08-05 00:00:00,3.5255,3.525,3.525,3.526
2017-08-07 00:00:00,3.53,3.528,3.525,3.5355
2017-08-08 00:00:00,3.531,3.53,3.528,3.532
2017-08-09 00:00:00,3.541,3.545,3.537,3.548
2017-08-10 00:00:00,3.534,3.537,3.53,3.537
2017-08-11 00:00:00,3.537,3.542,3.533,3.551
2017-08-12 00:00:00,3.532,3.533,3.531,3.534
2017-08-14 00:00:00,3.528,3.529,3.522,3.53
2017-08-15 00:00:00,3.539,3.53,3.527,3.545
2017-08-16 00:00:00,3.5255,3.534,3.523,3.535
2017-08-17 00:00:00,3.517,3.52,3.515,3.525
2017-08-18 00:00:00,3.519,3.525,3.517,3.5265
2017-08-19 00:00:00,3.514,3.516,3.514,3.516
2017-08-21 00:00:00,3.499,3.517,3.494,3.518
2017-08-22 00:00:00,3.498,3.501,3.497,3.504
2017-08-23 00:00:00,3.496,3.5,3.495,3.502
2017-08-24 00:00:00,3.482,3.482,3.479,3.484
2017-08-25 00:00:00,3.458,3.486,3.458,3.486
2017-08-26 00:00:00,3.442,3.442,3.44,3.443
2017-08-28 00:00:00,3.449,3.447,3.443,3.451
2017-08-29 00:00:00,3.44,3.444,3.437,3.45
2017-08-30 00:00:00,3.447,3.443,3.441,3.453
2017-08-31 00:00:00,3.462,3.456,3.454,3.462
2017-09-05 00:00:00,3.431,3.445,3.43,3.447
2017-09-06 00:00:00,3.436,3.439,3.434,3.446
2017-09-07 00:00:00,3.412,3.43,3.411,3.431
2017-09-08 00:00:00,3.41,3.408,3.405,3.417
2017-09-09 00:00:00,3.412,3.412,3.412,3.412
2017-09-11 00:00:00,3.403,3.4,3.39,3.405
2017-09-12 00:00:00,3.438,3.427,3.425,3.444
2017-09-13 00:00:00,3.4485,3.43,3.427,3.45
2017-09-14 00:00:00,3.45,3.456,3.445,3.474
2017-09-15 00:00:00,3.4385,3.433,3.424,3.4425
2017-09-16 00:00:00,3.436,3.437,3.436,3.437
2017-09-18 00:00:00,3.4715,3.456,3.453,3.472
2017-09-19 00:00:00,3.497,3.495,3.481,3.502
2017-09-20 00:00:00,3.471,3.482,3.466,3.487
2017-09-21 00:00:00,3.511,3.514,3.503,3.514
2017-09-22 00:00:00,3.495,3.491,3.482,3.5
2017-09-23 00:00:00,3.497,3.493,3.493,3.497
2017-09-25 00:00:00,3.534,3.526,3.514,3.534
2017-09-26 00:00:00,3.545,3.54,3.525,3.548
2017-09-27 00:00:00,3.574,3.558,3.557,3.58
2017-09-28 00:00:00,3.56,3.573,3.557,3.576
2017-09-29 00:00:00,3.547,3.554,3.537,3.554
2017-09-30 00:00:00,3.552,3.553,3.552,3.554
2017-10-02 00:00:00,3.567,3.576,3.559,3.576
2017-10-03 00:00:00,3.576,3.576,3.574,3.592
2017-10-04 00:00:00,3.574,3.565,3.562,3.5775
2017-10-05 00:00:00,3.568,3.57,3.565,3.572
2017-10-06 00:00:00,3.616,3.598,3.596,3.625
2017-10-07 00:00:00,3.608,3.609,3.607,3.609
2017-10-09 00:00:00,3.723,3.682,3.679,3.731
2017-10-10 00:00:00,3.673,3.682,3.662,3.687
2017-10-11 00:00:00,3.668,3.678,3.656,3.683
2017-10-12 00:00:00,3.656,3.64,3.633,3.663
2017-10-13 00:00:00,3.634,3.645,3.627,3.657
2017-10-14 00:00:00,3.631,3.63,3.63,3.631
2017-10-16 00:00:00,3.637,3.638,3.633,3.648
2017-10-17 00:00:00,3.666,3.653,3.652,3.668
2017-10-18 00:00:00,3.675,3.672,3.669,3.684
2017-10-19 00:00:00,3.658,3.664,3.655,3.669
2017-10-20 00:00:00,3.675,3.665,3.656,3.6775
2017-10-21 00:00:00,3.6695,3.668,3.668,3.67
2017-10-23 00:00:00,3.702,3.699,3.69,3.705
2017-10-24 00:00:00,3.726,3.711,3.707,3.73
2017-10-25 00:00:00,3.727,3.731,3.721,3.737
2017-10-26 00:00:00,3.778,3.776,3.756,3.781
2017-10-27 00:00:00,3.803,3.826,3.795,3.829
2017-10-28 00:00:00,3.779,3.783,3.779,3.783
2017-10-30 00:00:00,3.783,3.772,3.765,3.784
2017-10-31 00:00:00,3.805,3.767,3.767,3.808
2017-11-01 00:00:00,3.814,3.794,3.794,3.828
2017-11-02 00:00:00,3.809,3.804,3.802,3.823
2017-11-03 00:00:00,3.857,3.825,3.817,3.859
2017-11-04 00:00:00,3.876,3.872,3.872,3.876
2017-11-06 00:00:00,3.868,3.853,3.848,3.872
2017-11-07 00:00:00,3.858,3.844,3.843,3.867
2017-11-08 00:00:00,3.874,3.874,3.871,3.895
2017-11-09 00:00:00,3.863,3.862,3.84,3.8725
2017-11-10 00:00:00,3.86,3.87,3.856,3.876
2017-11-11 00:00:00,3.862,3.86,3.86,3.862
2017-11-13 00:00:00,3.882,3.86,3.86,3.885
2017-11-14 00:00:00,3.873,3.877,3.861,3.879
2017-11-15 00:00:00,3.88,3.886,3.873,3.889
2017-11-16 00:00:00,3.861,3.882,3.858,3.882
2017-11-17 00:00:00,3.883,3.869,3.868,3.894
2017-11-18 00:00:00,3.874,3.871,3.871,3.874
2017-11-20 00:00:00,3.917,3.889,3.88,3.922
2017-11-21 00:00:00,3.954,3.961,3.943,3.961
2017-11-22 00:00:00,3.954,3.961,3.953,3.974
2017-11-23 00:00:00,3.922,3.935,3.903,3.935
2017-11-24 00:00:00,3.937,3.933,3.93,3.9485
2017-11-25 00:00:00,3.95,3.947,3.947,3.95
2017-11-27 00:00:00,3.902,3.939,3.893,3.941
2017-11-28 00:00:00,3.931,3.91,3.91,3.936
2017-11-29 00:00:00,3.957,3.947,3.943,3.967
2017-11-30 00:00:00,3.936,3.935,3.932,3.9455
2017-12-01 00:00:00,3.924,3.94,3.918,3.943
2017-12-02 00:00:00,3.917,3.914,3.914,3.917
2017-12-04 00:00:00,3.899,3.93,3.894,3.93
2017-12-05 00:00:00,3.873,3.856,3.855,3.875
2017-12-06 00:00:00,3.852,3.856,3.846,3.861
2017-12-07 00:00:00,3.87,3.867,3.859,3.87
2017-12-08 00:00:00,3.834,3.862,3.828,3.864
2017-12-09 00:00:00,3.838,3.837,3.837,3.838
2017-12-11 00:00:00,3.826,3.831,3.82,3.836
2017-12-12 00:00:00,3.832,3.833,3.8225,3.834
2017-12-13 00:00:00,3.85,3.834,3.834,3.862
2017-12-14 00:00:00,3.872,3.823,3.82,3.881
2017-12-15 00:00:00,3.861,3.863,3.851,3.864
2017-12-16 00:00:00,3.862,3.859,3.859,3.8625
2017-12-18 00:00:00,3.837,3.862,3.833,3.862
2017-12-19 00:00:00,3.832,3.83,3.824,3.843
2017-12-20 00:00:00,3.8305,3.833,3.826,3.835
2017-12-21 00:00:00,3.824,3.826,3.818,3.83
2017-12-22 00:00:00,3.815,3.814,3.812,3.817
2017-12-23 00:00:00,3.809,3.8095,3.809,3.81
2017-12-25 00:00:00,3.8085,3.809,3.806,3.81
2017-12-26 00:00:00,3.809,3.805,3.804,3.809
2017-12-27 00:00:00,3.821,3.822,3.818,3.824
2017-12-28 00:00:00,3.779,3.813,3.773,3.813
2017-12-29 00:00:00,3.789,3.779,3.765,3.7905
2017-12-30 00:00:00,3.792,3.789,3.789,3.792
2018-01-02 00:00:00,3.76,3.77,3.754,3.77
2018-01-03 00:00:00,3.767,3.768,3.757,3.768
2018-01-04 00:00:00,3.763,3.766,3.756,3.769
2018-01-05 00:00:00,3.745,3.754,3.731,3.754
2018-01-06 00:00:00,3.736,3.737,3.735,3.737
2018-01-08 00:00:00,3.751,3.747,3.745,3.753
2018-01-09 00:00:00,3.759,3.751,3.749,3.771
2018-01-10 00:00:00,3.791,3.782,3.778,3.802
2018-01-11 00:00:00,3.792,3.784,3.784,3.8025
2018-01-12 00:00:00,3.7525,3.775,3.752,3.775
2018-01-13 00:00:00,3.748,3.748,3.748,3.749
2018-01-15 00:00:00,3.789,3.756,3.75,3.79
2018-01-16 00:00:00,3.79,3.81,3.786,3.826
2018-01-17 00:00:00,3.815,3.811,3.81,3.827
2018-01-18 00:00:00,3.7795,3.8,3.776,3.804
2018-01-19 00:00:00,3.793,3.783,3.7725,3.804
2018-01-20 00:00:00,3.803,3.805,3.803,3.805
2018-01-22 00:00:00,3.792,3.806,3.79,3.816
2018-01-23 00:00:00,3.782,3.794,3.775,3.8
2018-01-24 00:00:00,3.745,3.762,3.742,3.767
2018-01-25 00:00:00,3.74,3.748,3.72,3.757
2018-01-26 00:00:00,3.75,3.734,3.734,3.755
2018-01-27 00:00:00,3.749,3.747,3.747,3.749
2018-01-29 00:00:00,3.777,3.769,3.768,3.782
2018-01-30 00:00:00,3.769,3.794,3.763,3.794
2018-01-31 00:00:00,3.75,3.759,3.75,3.76
2018-02-01 00:00:00,3.747,3.76,3.744,3.761
2018-02-02 00:00:00,3.752,3.743,3.74,3.759
2018-02-03 00:00:00,3.764,3.763,3.763,3.765
2018-02-05 00:00:00,3.761,3.767,3.755,3.767
2018-02-06 00:00:00,3.785,3.784,3.773,3.786
2018-02-07 00:00:00,3.782,3.773,3.769,3.785
2018-02-08 00:00:00,3.804,3.8,3.798,3.82
2018-02-09 00:00:00,3.8165,3.809,3.809,3.824
2018-02-10 00:00:00,3.818,3.815,3.815,3.819
2018-02-12 00:00:00,3.805,3.813,3.802,3.813
2018-02-13 00:00:00,3.804,3.801,3.791,3.8065
2018-02-14 00:00:00,3.811,3.799,3.795,3.819
2018-02-15 00:00:00,3.771,3.774,3.7665,3.777
2018-02-16 00:00:00,3.7535,3.766,3.743,3.766
2018-02-17 00:00:00,3.75,3.747,3.747,3.75
2018-02-19 00:00:00,3.761,3.749,3.749,3.762
2018-02-20 00:00:00,3.778,3.77,3.767,3.784
2018-02-21 00:00:00,3.786,3.789,3.783,3.793
2018-02-22 00:00:00,3.791,3.8,3.79,3.806
2018-02-23 00:00:00,3.787,3.784,3.779,3.788
2018-02-24 00:00:00,3.788,3.787,3.787,3.788
2018-02-26 00:00:00,3.784,3.776,3.775,3.786
2018-02-27 00:00:00,3.791,3.786,3.782,3.794
2018-02-28 00:00:00,3.799,3.802,3.797,3.807
2018-03-01 00:00:00,3.813,3.805,3.803,3.815
2018-03-02 00:00:00,3.81,3.806,3.801,3.814
2018-03-03 00:00:00,3.804,3.803,3.803,3.804
2018-03-05 00:00:00,3.817,3.82,3.809,3.82
2018-03-06 00:00:00,3.792,3.805,3.787,3.806
2018-03-07 00:00:00,3.796,3.797,3.793,3.805
2018-03-08 00:00:00,3.8115,3.805,3.804,3.817
2018-03-09 00:00:00,3.807,3.819,3.804,3.819
2018-03-10 00:00:00,3.809,3.808,3.807,3.809
2018-03-12 00:00:00,3.833,3.808,3.808,3.8395
2018-03-13 00:00:00,3.861,3.855,3.85,3.8665
2018-03-14 00:00:00,3.88,3.858,3.854,3.883
2018-03-15 00:00:00,3.896,3.886,3.8825,3.899
2018-03-16 00:00:00,3.9075,3.905,3.8965,3.9095
2018-03-17 00:00:00,3.912,3.911,3.911,3.914
2018-03-19 00:00:00,3.943,3.931,3.929,3.9475
2018-03-20 00:00:00,3.934,3.936,3.921,3.9485
2018-03-21 00:00:00,3.925,3.9275,3.924,3.934
2018-03-22 00:00:00,3.9255,3.9,3.9,3.929
2018-03-23 00:00:00,3.9485,3.956,3.9425,3.964
2018-03-24 00:00:00,3.9685,3.968,3.9665,3.969
2018-03-26 00:00:00,3.977,3.961,3.96,3.984
2018-03-27 00:00:00,3.978,3.969,3.969,3.989
2018-03-28 00:00:00,4.005,3.991,3.99,4.0105
2018-03-29 00:00:00,3.965,4.0035,3.961,4.0065
2018-03-30 00:00:00,3.9545,3.953,3.944,3.955
2018-03-31 00:00:00,3.9505,3.951,3.9505,3.952
2018-04-02 00:00:00,3.963,3.957,3.956,3.964
2018-04-03 00:00:00,3.988,3.979,3.971,3.991
2018-04-04 00:00:00,3.9975,4.01,3.996,4.023
2018-04-05 00:00:00,4.0295,4.02,4.019,4.037
2018-04-06 00:00:00,4.0345,4.049,4.026,4.052
2018-04-07 00:00:00,4.039,4.039,4.037,4.0395
2018-04-09 00:00:00,4.057,4.05,4.049,4.07
2018-04-10 00:00:00,4.113,4.07,4.067,4.1355
2018-04-11 00:00:00,4.145,4.13,4.128,4.191
2018-04-12 00:00:00,4.098,4.143,4.088,4.153
2018-04-13 00:00:00,4.095,4.076,4.0745,4.098
2018-04-14 00:00:00,4.113,4.109,4.107,4.123
2018-04-16 00:00:00,4.106,4.095,4.09,4.115
2018-04-17 00:00:00,4.1005,4.086,4.086,4.1245
2018-04-18 00:00:00,4.0435,4.096,4.039,4.106
2018-04-19 00:00:00,4.031,4.034,4.018,4.0465
2018-04-20 00:00:00,4.0625,4.039,4.0305,4.0625
2018-04-21 00:00:00,4.07,4.072,4.0695,4.0725
2018-04-23 00:00:00,4.103,4.094,4.083,4.105
2018-04-24 00:00:00,4.09,4.087,4.081,4.101
2018-04-25 00:00:00,4.095,4.081,4.034,4.105
2018-04-26 00:00:00,4.077,4.077,4.059,4.0805
2018-04-27 00:00:00,4.047,4.067,4.041,4.067
2018-04-28 00:00:00,4.0435,4.043,4.043,4.046
2018-04-30 00:00:00,4.045,4.033,4.033,4.046
2018-05-01 00:00:00,4.083,4.078,4.076,4.0935
2018-05-02 00:00:00,4.155,4.096,4.094,4.165
2018-05-03 00:00:00,4.214,4.193,4.178,4.226
2018-05-04 00:00:00,4.239,4.241,4.229,4.279
2018-05-05 00:00:00,4.222,4.223,4.221,4.223
2018-05-07 00:00:00,4.262,4.242,4.228,4.2685
2018-05-08 00:00:00,4.297,4.281,4.278,4.3
2018-05-09 00:00:00,4.261,4.298,4.257,4.305
2018-05-10 00:00:00,4.251,4.278,4.231,4.289
2018-05-11 00:00:00,4.305,4.252,4.248,4.311
2018-05-12 00:00:00,4.308,4.309,4.307,4.309
2018-05-14 00:00:00,4.323,4.326,4.305,4.326
2018-05-15 00:00:00,4.438,4.387,4.373,4.4565
2018-05-16 00:00:00,4.4255,4.465,4.396,4.498
2018-05-17 00:00:00,4.4575,4.443,4.429,4.462
2018-05-18 00:00:00,4.4855,4.454,4.454,4.493
2018-05-19 00:00:00,4.4855,4.4865,4.484,4.4865
2018-05-21 00:00:00,4.587,4.54,4.532,4.599
2018-05-22 00:00:00,4.645,4.554,4.554,4.6645
2018-05-23 00:00:00,4.845,4.85,4.82,4.93
2018-05-24 00:00:00,4.755,4.685,4.675,4.8
2018-05-25 00:00:00,4.725,4.715,4.7,4.77
2018-05-26 00:00:00,4.707,4.71,4.705,4.71
2018-05-28 00:00:00,4.605,4.665,4.558,4.665
2018-05-29 00:00:00,4.551,4.587,4.543,4.632
2018-05-30 00:00:00,4.496,4.495,4.45,4.51
2018-05-31 00:00:00,4.5175,4.47,4.47,4.533
2018-06-01 00:00:00,4.594,4.577,4.575,4.634
2018-06-04 00:00:00,4.592,4.619,4.581,4.638
2018-06-05 00:00:00,4.611,4.606,4.6,4.629
2018-06-06 00:00:00,4.57,4.616,4.569,4.627
2018-06-07 00:00:00,4.49,4.569,4.465,4.586
2018-06-08 00:00:00,4.493,4.535,4.482,4.539
2018-06-11 00:00:00,4.514,4.508,4.507,4.539
2018-06-12 00:00:00,4.561,4.53,4.53,4.579
2018-06-13 00:00:00,4.64,4.656,4.628,4.691
2018-06-14 00:00:00,4.627,4.627,4.607,4.643
2018-06-18 00:00:00,4.737,4.718,4.71,4.74
2018-06-19 00:00:00,4.751,4.743,4.74,4.774
2018-06-20 00:00:00,4.744,4.752,4.728,4.762
2018-06-21 00:00:00,4.736,4.76,4.727,4.764
2018-06-22 00:00:00,4.686,4.729,4.679,4.729
2018-06-25 00:00:00,4.676,4.588,4.585,4.71
2018-06-26 00:00:00,4.645,4.685,4.622,4.69
2018-06-27 00:00:00,4.6,4.643,4.595,4.653
2018-06-28 00:00:00,4.596,4.61,4.58,4.629
2018-06-29 00:00:00,4.568,4.571,4.562,4.583
2018-07-02 00:00:00,4.611,4.624,4.596,4.624
2018-07-03 00:00:00,4.675,4.655,4.647,4.679
2018-07-04 00:00:00,4.6745,4.714,4.6695,4.714
2018-07-05 00:00:00,4.611,4.669,4.6,4.669
2018-07-06 00:00:00,4.584,4.603,4.577,4.611
2018-07-09 00:00:00,4.585,4.553,4.515,4.61
2018-07-10 00:00:00,4.693,4.695,4.676,4.735
2018-07-11 00:00:00,4.778,4.727,4.722,4.788
2018-07-12 00:00:00,4.845,4.805,4.77,4.86
2018-07-13 00:00:00,4.83,4.825,4.825,4.845
2018-07-16 00:00:00,4.837,4.833,4.825,4.852
2018-07-17 00:00:00,4.812,4.84,4.808,4.842
2018-07-18 00:00:00,4.814,4.782,4.774,4.838
2018-07-19 00:00:00,4.822,4.827,4.815,4.836
2018-07-20 00:00:00,4.79,4.815,4.769,4.815
2018-07-23 00:00:00,4.745,4.756,4.738,4.76
2018-07-24 00:00:00,4.86,4.763,4.753,4.925
2018-07-25 00:00:00,4.828,4.865,4.823,4.865
2018-07-26 00:00:00,4.852,4.821,4.802,4.857
2018-07-27 00:00:00,4.841,4.847,4.841,4.873
2018-07-30 00:00:00,4.879,4.874,4.87,4.895
2018-07-31 00:00:00,4.909,4.907,4.873,4.913
2018-08-01 00:00:00,4.919,4.922,4.915,4.936
2018-08-02 00:00:00,5.05,5.08,5.035,5.08
2018-08-03 00:00:00,5.07,5.07,5.055,5.075
2018-08-06 00:00:00,5.175,5.13,5.125,5.185
2018-08-07 00:00:00,5.282,5.24,5.23,5.345
2018-08-08 00:00:00,5.275,5.285,5.27,5.303
2018-08-09 00:00:00,5.465,5.415,5.376,5.475
2018-08-10 00:00:00,6.45,5.95,5.82,6.57
2018-08-13 00:00:00,6.7,6.6,6.5,6.7
2018-08-14 00:00:00,6.43,6.3,6.3,6.5
2018-08-15 00:00:00,5.99,6.07,5.97,6.12
2018-08-16 00:00:00,5.68,5.74,5.67,5.78
2018-08-17 00:00:00,6.14,5.74,5.74,6.25
2018-08-20 00:00:00,6.04,6.07,6.03,6.08
2018-08-27 00:00:00,6.13,6.08,6.08,6.26
2018-08-28 00:00:00,6.23,6.21,6.16,6.26
2018-08-29 00:00:00,6.41,6.36,6.36,6.44
2018-08-30 00:00:00,6.68,6.53,6.53,6.74
2018-08-31 00:00:00,6.54,6.53,6.49,6.54
2018-09-03 00:00:00,6.63,6.57,6.56,6.63
2018-09-04 00:00:00,6.68,6.65,6.65,6.7
2018-09-05 00:00:00,6.63,6.69,6.61,6.7
2018-09-06 00:00:00,6.57,6.61,6.55,6.61
2018-09-07 00:00:00,6.44,6.53,6.42,6.53
2018-09-10 00:00:00,6.45,6.44,6.43,6.46
2018-09-11 00:00:00,6.46,6.44,6.44,6.48
2018-09-12 00:00:00,6.36,6.42,6.33,6.42
2018-09-13 00:00:00,6.19,6.37,6.1,6.52
2018-09-14 00:00:00,6.16,6.09,6.08,6.16
2018-09-17 00:00:00,6.285,6.235,6.235,6.325
2018-09-18 00:00:00,6.34,6.335,6.335,6.45
2018-09-19 00:00:00,6.255,6.345,6.24,6.345
2018-09-20 00:00:00,6.27,6.195,6.14,6.35
2018-09-21 00:00:00,6.265,6.27,6.24,6.29
2018-09-24 00:00:00,6.155,6.26,6.145,6.26
2018-09-25 00:00:00,6.2,6.18,6.105,6.215
2018-09-26 00:00:00,6.102,6.135,6.097,6.14
2018-09-27 00:00:00,5.98,6.086,5.98,6.091
2018-09-28 00:00:00,5.995,6.01,5.95,6.01
2018-10-01 00:00:00,5.945,5.96,5.9,5.97
2018-10-02 00:00:00,6.0,5.995,5.99,6.04
2018-10-03 00:00:00,6.015,6.015,6.0,6.065
2018-10-04 00:00:00,6.15,6.12,6.11,6.19
2018-10-05 00:00:00,6.11,6.15,6.095,6.16
2018-10-08 00:00:00,6.12,6.155,6.115,6.16
2018-10-09 00:00:00,6.13,6.12,6.11,6.145
2018-10-10 00:00:00,6.04,6.11,6.02,6.115
2018-10-11 00:00:00,5.99,6.005,5.95,6.005
2018-10-12 00:00:00,5.93,5.94,5.83,5.95
2018-10-15 00:00:00,5.745,5.835,5.725,5.84
2018-10-16 00:00:00,5.77,5.765,5.76,5.8
2018-10-17 00:00:00,5.675,5.695,5.675,5.705
2018-10-18 00:00:00,5.56,5.53,5.52,5.565
2018-10-19 00:00:00,5.635,5.61,5.59,5.645
2018-10-22 00:00:00,5.675,5.635,5.63,5.68
2018-10-23 00:00:00,5.795,5.745,5.745,5.86
2018-10-24 00:00:00,5.695,5.735,5.68,5.74
2018-10-25 00:00:00,5.64,5.695,5.625,5.695
2018-10-26 00:00:00,5.615,5.63,5.59,5.63
2018-10-30 00:00:00,5.485,5.525,5.465,5.53
2018-10-31 00:00:00,5.61,5.495,5.48,5.63
2018-11-01 00:00:00,5.535,5.615,5.53,5.615
2018-11-02 00:00:00,5.425,5.45,5.42,5.48
2018-11-05 00:00:00,5.41,5.46,5.4,5.465
2018-11-06 00:00:00,5.375,5.34,5.33,5.375
2018-11-07 00:00:00,5.365,5.37,5.325,5.37
2018-11-08 00:00:00,5.42,5.405,5.395,5.445
2018-11-09 00:00:00,5.46,5.5,5.455,5.52
2018-11-12 00:00:00,5.45,5.485,5.43,5.49
2018-11-13 00:00:00,5.495,5.46,5.46,5.525
2018-11-14 00:00:00,5.466,5.465,5.455,5.47
2018-11-15 00:00:00,5.403,5.425,5.38,5.44
2018-11-16 00:00:00,5.334,5.36,5.33,5.36
2018-11-19 00:00:00,5.329,5.33,5.309,5.337
2018-11-20 00:00:00,5.367,5.317,5.313,5.37
2018-11-21 00:00:00,5.328,5.35,5.316,5.355
2018-11-22 00:00:00,5.29,5.327,5.277,5.329
2018-11-23 00:00:00,5.277,5.282,5.265,5.287
2018-11-26 00:00:00,5.232,5.258,5.218,5.258
2018-11-27 00:00:00,5.23,5.236,5.217,5.239
2018-11-28 00:00:00,5.255,5.21,5.21,5.259
2018-11-29 00:00:00,5.15,5.18,5.133,5.18
2018-11-30 00:00:00,5.175,5.145,5.115,5.18
2018-12-03 00:00:00,5.26,5.15,5.15,5.27
2018-12-04 00:00:00,5.385,5.24,5.24,5.39
2018-12-05 00:00:00,5.32,5.39,5.31,5.395
2018-12-06 00:00:00,5.355,5.355,5.35,5.395
2018-12-07 00:00:00,5.29,5.33,5.285,5.34
2018-12-10 00:00:00,5.33,5.28,5.275,5.34
2018-12-11 00:00:00,5.38,5.36,5.345,5.395
2018-12-12 00:00:00,5.362,5.37,5.349,5.39
2018-12-13 00:00:00,5.345,5.365,5.305,5.38
2018-12-14 00:00:00,5.391,5.37,5.37,5.407
2018-12-17 00:00:00,5.382,5.385,5.371,5.39
2018-12-18 00:00:00,5.348,5.369,5.337,5.37
2018-12-19 00:00:00,5.314,5.341,5.312,5.348
2018-12-20 00:00:00,5.252,5.284,5.227,5.285
2018-12-21 00:00:00,5.283,5.25,5.25,5.306
2018-12-24 00:00:00,5.287,5.285,5.28,5.292
2018-12-25 00:00:00,5.287,5.285,5.282,5.292
2018-12-26 00:00:00,5.281,5.284,5.279,5.286
2018-12-27 00:00:00,5.267,5.285,5.263,5.29
2018-12-28 00:00:00,5.265,5.247,5.24,5.272
2018-12-31 00:00:00,5.285,5.27,5.254,5.301
2019-01-02 00:00:00,5.386,5.295,5.295,5.388
2019-01-03 00:00:00,5.513,5.43,5.425,5.513
2019-01-04 00:00:00,5.415,5.41,5.392,5.425
2019-01-07 00:00:00,5.382,5.338,5.338,5.385
2019-01-08 00:00:00,5.475,5.415,5.403,5.496
2019-01-09 00:00:00,5.504,5.498,5.49,5.535
2019-01-10 00:00:00,5.438,5.47,5.422,5.486
2019-01-11 00:00:00,5.48,5.43,5.418,5.484
2019-01-14 00:00:00,5.497,5.51,5.494,5.518
2019-01-15 00:00:00,5.452,5.44,5.429,5.46
2019-01-16 00:00:00,5.375,5.412,5.363,5.418
2019-01-17 00:00:00,5.379,5.374,5.361,5.389
2019-01-18 00:00:00,5.353,5.361,5.352,5.37
2019-01-21 00:00:00,5.343,5.347,5.336,5.355
2019-01-22 00:00:00,5.345,5.354,5.343,5.365
2019-01-23 00:00:00,5.306,5.329,5.304,5.329
2019-01-24 00:00:00,5.263,5.286,5.263,5.29
2019-01-25 00:00:00,5.275,5.273,5.262,5.284
2019-01-28 00:00:00,5.313,5.277,5.272,5.317
2019-01-29 00:00:00,5.3,5.349,5.296,5.35
2019-01-30 00:00:00,5.276,5.282,5.261,5.286
2019-01-31 00:00:00,5.177,5.212,5.173,5.2295
2019-02-01 00:00:00,5.211,5.202,5.184,5.2135
2019-02-04 00:00:00,5.224,5.221,5.209,5.23
2019-02-05 00:00:00,5.202,5.194,5.187,5.215
2019-02-06 00:00:00,5.2265,5.211,5.207,5.227
2019-02-07 00:00:00,5.246,5.254,5.238,5.265
2019-02-08 00:00:00,5.2375,5.253,5.229,5.253
2019-02-11 00:00:00,5.267,5.248,5.248,5.269
2019-02-12 00:00:00,5.257,5.265,5.254,5.281
2019-02-13 00:00:00,5.255,5.247,5.243,5.261
2019-02-14 00:00:00,5.289,5.287,5.283,5.305
2019-02-15 00:00:00,5.267,5.271,5.25,5.272
2019-02-18 00:00:00,5.294,5.3,5.282,5.301
2019-02-19 00:00:00,5.3,5.31,5.298,5.316
2019-02-20 00:00:00,5.309,5.29,5.29,5.321
2019-02-21 00:00:00,5.315,5.322,5.303,5.322
2019-02-22 00:00:00,5.319,5.317,5.314,5.325
2019-02-25 00:00:00,5.302,5.312,5.3,5.316
2019-02-26 00:00:00,5.296,5.302,5.291,5.302
2019-02-27 00:00:00,5.292,5.295,5.284,5.295
2019-02-28 00:00:00,5.312,5.312,5.298,5.314
2019-03-01 00:00:00,5.379,5.3334,5.331,5.382
2019-03-04 00:00:00,5.378,5.384,5.376,5.391
2019-03-05 00:00:00,5.384,5.374,5.368,5.387
2019-03-06 00:00:00,5.416,5.385,5.366,5.436
2019-03-07 00:00:00,5.44,5.434,5.427,5.454
2019-03-08 00:00:00,5.448,5.472,5.443,5.482
2019-03-11 00:00:00,5.442,5.436,5.431,5.443
2019-03-12 00:00:00,5.461,5.436,5.435,5.462
2019-03-13 00:00:00,5.461,5.457,5.455,5.468
2019-03-14 00:00:00,5.473,5.47,5.467,5.477
2019-03-15 00:00:00,5.463,5.468,5.459,5.468
2019-03-18 00:00:00,5.4655,5.457,5.457,5.469
2019-03-19 00:00:00,5.481,5.469,5.464,5.4815
2019-03-20 00:00:00,5.4785,5.479,5.47,5.484
2019-03-21 00:00:00,5.465,5.444,5.442,5.47
2019-03-22 00:00:00,5.61,5.52,5.505,5.615
2019-03-25 00:00:00,5.625,5.647,5.59,5.69
2019-03-26 00:00:00,5.555,5.53,5.515,5.58
2019-03-27 00:00:00,5.46,5.42,5.39,5.495
2019-03-28 00:00:00,5.56,5.52,5.51,5.64
2019-03-29 00:00:00,5.65,5.63,5.625,5.65
2019-04-01 00:00:00,5.55,5.685,5.525,5.685
2019-04-02 00:00:00,5.573,5.575,5.535,5.585
2019-04-03 00:00:00,5.62,5.61,5.6,5.64
2019-04-04 00:00:00,5.587,5.64,5.58,5.645
2019-04-05 00:00:00,5.58,5.6,5.565,5.61
2019-04-08 00:00:00,5.685,5.67,5.655,5.69
2019-04-09 00:00:00,5.685,5.67,5.652,5.695
2019-04-10 00:00:00,5.69,5.685,5.675,5.71
2019-04-11 00:00:00,5.74,5.695,5.695,5.745
2019-04-12 00:00:00,5.76,5.765,5.745,5.8
2019-04-15 00:00:00,5.802,5.79,5.779,5.803
2019-04-16 00:00:00,5.814,5.79,5.785,5.825
2019-04-17 00:00:00,5.728,5.753,5.713,5.757
2019-04-18 00:00:00,5.802,5.83,5.795,5.832
2019-04-19 00:00:00,5.793,5.802,5.784,5.802
2019-04-22 00:00:00,5.819,5.83,5.81,5.83
2019-04-23 00:00:00,5.826,5.818,5.804,5.829
2019-04-24 00:00:00,5.875,5.86,5.855,5.884
2019-04-25 00:00:00,5.935,5.884,5.884,5.97
2019-04-26 00:00:00,5.918,5.925,5.915,5.936
2019-04-29 00:00:00,5.93,5.925,5.914,5.932
2019-04-30 00:00:00,5.954,5.955,5.933,5.956
2019-05-01 00:00:00,5.948,5.944,5.94,5.96
2019-05-02 00:00:00,5.965,5.96,5.955,5.965
2019-05-03 00:00:00,5.947,5.96,5.947,5.962
2019-05-06 00:00:00,6.012,5.985,5.982,6.025
2019-05-07 00:00:00,6.14,6.156,6.132,6.162
2019-05-08 00:00:00,6.179,6.152,6.148,6.192
2019-05-09 00:00:00,6.232,6.19,6.19,6.237
2019-05-10 00:00:00,6.078,6.13,6.066,6.13
2019-05-13 00:00:00,6.085,6.09,6.071,6.125
2019-05-14 00:00:00,6.007,6.065,5.996,6.074
2019-05-15 00:00:00,6.01,6.065,6.007,6.076
2019-05-16 00:00:00,6.019,6.01,6.003,6.029
2019-05-17 00:00:00,6.025,6.05,6.018,6.052
2019-05-20 00:00:00,6.02,6.037,6.016,6.056
2019-05-21 00:00:00,6.061,6.066,6.042,6.069
2019-05-22 00:00:00,6.095,6.077,6.068,6.103
2019-05-23 00:00:00,6.122,6.13,6.12,6.138
2019-05-24 00:00:00,6.066,6.077,6.049,6.077
2019-05-27 00:00:00,6.051,6.05,6.036,6.059
2019-05-28 00:00:00,6.014,6.055,5.993,6.058
2019-05-29 00:00:00,6.037,6.038,6.006,6.039
2019-05-30 00:00:00,5.9,5.968,5.86,5.972
2019-05-31 00:00:00,5.845,5.87,5.832,5.884
2019-06-03 00:00:00,5.884,5.882,5.87,5.891
2019-06-07 00:00:00,5.82,5.859,5.815,5.867
2019-06-10 00:00:00,5.789,5.846,5.784,5.848
2019-06-11 00:00:00,5.832,5.78,5.779,5.84
2019-06-12 00:00:00,5.788,5.813,5.782,5.828
2019-06-13 00:00:00,5.865,5.818,5.815,5.888
2019-06-14 00:00:00,5.861,5.91,5.86,5.91
2019-06-17 00:00:00,5.862,5.876,5.85,5.88
2019-06-18 00:00:00,5.834,5.862,5.822,5.865
2019-06-19 00:00:00,5.835,5.854,5.828,5.868
2019-06-20 00:00:00,5.765,5.745,5.74,5.785
2019-06-21 00:00:00,5.803,5.795,5.785,5.8797
2019-06-24 00:00:00,5.787,5.73,5.73,5.802
2019-06-25 00:00:00,5.769,5.81,5.76,5.815
2019-06-26 00:00:00,5.77,5.768,5.752,5.776
2019-06-27 00:00:00,5.758,5.765,5.752,5.782
2019-06-28 00:00:00,5.74,5.745,5.724,5.75
2019-07-01 00:00:00,5.63,5.68,5.61,5.685
2019-07-02 00:00:00,5.653,5.68,5.646,5.685
2019-07-03 00:00:00,5.629,5.647,5.629,5.655
2019-07-04 00:00:00,5.592,5.597,5.592,5.602
2019-07-05 00:00:00,5.62,5.6,5.578,5.626
2019-07-08 00:00:00,5.725,5.705,5.705,5.735
2019-07-09 00:00:00,5.705,5.725,5.686,5.727
2019-07-10 00:00:00,5.707,5.735,5.704,5.744
2019-07-11 00:00:00,5.67,5.68,5.657,5.685
2019-07-12 00:00:00,5.715,5.685,5.68,5.74
2019-07-15 00:00:00,5.677,5.69,5.66,5.69
2019-07-16 00:00:00,5.705,5.69,5.685,5.705
2019-07-17 00:00:00,5.692,5.695,5.685,5.702
2019-07-18 00:00:00,5.689,5.695,5.685,5.7
2019-07-19 00:00:00,5.638,5.625,5.623,5.642
2019-07-22 00:00:00,5.671,5.665,5.662,5.672
2019-07-23 00:00:00,5.686,5.677,5.675,5.691
2019-07-24 00:00:00,5.71,5.715,5.708,5.722
2019-07-25 00:00:00,5.69,5.71,5.655,5.73
2019-07-26 00:00:00,5.63,5.68,5.6,5.68
2019-07-29 00:00:00,5.58,5.62,5.57,5.625
2019-07-30 00:00:00,5.559,5.565,5.547,5.578
2019-07-31 00:00:00,5.537,5.522,5.515,5.538
2019-08-01 00:00:00,5.57,5.59,5.561,5.595
2019-08-02 00:00:00,5.56,5.566,5.555,5.573
2019-08-05 00:00:00,5.533,5.547,5.518,5.557
2019-08-06 00:00:00,5.526,5.529,5.518,5.543
2019-08-07 00:00:00,5.477,5.498,5.462,5.5498
2019-08-08 00:00:00,5.457,5.475,5.451,5.501
2019-08-09 00:00:00,5.481,5.48,5.45,5.483
2019-08-15 00:00:00,5.57,5.547,5.546,5.593
2019-08-16 00:00:00,5.572,5.53,5.53,5.574
2019-08-19 00:00:00,5.62,5.577,5.575,5.635
2019-08-20 00:00:00,5.715,5.68,5.68,5.73
2019-08-21 00:00:00,5.71,5.71,5.702,5.721
2019-08-22 00:00:00,5.762,5.728,5.728,5.78
2019-08-23 00:00:00,5.748,5.759,5.742,5.763
2019-08-26 00:00:00,5.799,5.795,5.786,5.822
2019-08-27 00:00:00,5.817,5.83,5.807,5.835
2019-08-28 00:00:00,5.81,5.797,5.793,5.812
2019-08-29 00:00:00,5.816,5.805,5.8,5.82
2019-08-30 00:00:00,5.796,5.816,5.796,5.818
2019-09-02 00:00:00,5.798,5.79,5.785,5.798
2019-09-03 00:00:00,5.75,5.787,5.743,5.787
2019-09-04 00:00:00,5.676,5.668,5.653,5.682
2019-09-05 00:00:00,5.69,5.676,5.675,5.698
2019-09-06 00:00:00,5.713,5.699,5.69,5.718
2019-09-09 00:00:00,5.752,5.73,5.726,5.755
2019-09-10 00:00:00,5.784,5.763,5.761,5.786
2019-09-11 00:00:00,5.758,5.784,5.755,5.788
2019-09-12 00:00:00,5.675,5.753,5.665,5.756
2019-09-13 00:00:00,5.678,5.68,5.662,5.685
2019-09-16 00:00:00,5.713,5.718,5.705,5.718
2019-09-17 00:00:00,5.701,5.718,5.693,5.731
2019-09-18 00:00:00,5.673,5.687,5.665,5.692
2019-09-19 00:00:00,5.699,5.693,5.69,5.712
2019-09-20 00:00:00,5.725,5.699,5.687,5.726
2019-09-23 00:00:00,5.735,5.725,5.713,5.737
2019-09-24 00:00:00,5.707,5.689,5.678,5.708
2019-09-25 00:00:00,5.694,5.707,5.682,5.707
2019-09-26 00:00:00,5.666,5.68,5.655,5.684
2019-09-27 00:00:00,5.66,5.672,5.652,5.673
2019-09-30 00:00:00,5.638,5.65,5.638,5.654
2019-10-01 00:00:00,5.716,5.674,5.67,5.717
2019-10-02 00:00:00,5.707,5.734,5.707,5.748
2019-10-03 00:00:00,5.687,5.696,5.687,5.709
2019-10-04 00:00:00,5.689,5.699,5.68,5.699
2019-10-07 00:00:00,5.764,5.732,5.732,5.766
2019-10-08 00:00:00,5.803,5.815,5.785,5.839
2019-10-09 00:00:00,5.858,5.817,5.817,5.858
2019-10-10 00:00:00,5.87,5.868,5.863,5.898
2019-10-11 00:00:00,5.87,5.837,5.837,5.874
2019-10-14 00:00:00,5.934,5.91,5.905,5.934
2019-10-15 00:00:00,5.895,5.906,5.874,5.919
2019-10-16 00:00:00,5.897,5.889,5.887,5.908
2019-10-17 00:00:00,5.868,5.885,5.855,5.898
2019-10-18 00:00:00,5.782,5.775,5.765,5.782
2019-10-21 00:00:00,5.827,5.82,5.813,5.827
2019-10-22 00:00:00,5.832,5.838,5.826,5.842
2019-10-23 00:00:00,5.764,5.785,5.757,5.786
2019-10-24 00:00:00,5.767,5.742,5.742,5.776
2019-10-25 00:00:00,5.758,5.766,5.754,5.768
2019-10-28 00:00:00,5.72,5.74,5.72,5.741
2019-10-30 00:00:00,5.732,5.743,5.723,5.747
2019-10-31 00:00:00,5.717,5.712,5.705,5.723
2019-11-01 00:00:00,5.71,5.722,5.709,5.73
2019-11-04 00:00:00,5.705,5.695,5.688,5.705
2019-11-05 00:00:00,5.744,5.717,5.717,5.745
2019-11-06 00:00:00,5.76,5.759,5.75,5.764
2019-11-07 00:00:00,5.74,5.745,5.739,5.748
2019-11-08 00:00:00,5.75,5.752,5.744,5.755
2019-11-11 00:00:00,5.772,5.785,5.769,5.785
2019-11-12 00:00:00,5.772,5.78,5.766,5.78
2019-11-13 00:00:00,5.753,5.772,5.751,5.773
2019-11-14 00:00:00,5.759,5.762,5.752,5.772
2019-11-15 00:00:00,5.747,5.759,5.745,5.762
2019-11-18 00:00:00,5.735,5.74,5.725,5.744
2019-11-19 00:00:00,5.721,5.73,5.71,5.73
2019-11-20 00:00:00,5.71,5.712,5.692,5.714
2019-11-21 00:00:00,5.697,5.709,5.69,5.709
2019-11-22 00:00:00,5.721,5.7,5.693,5.721
2019-11-25 00:00:00,5.745,5.71,5.71,5.746
2019-11-26 00:00:00,5.75,5.745,5.737,5.752
2019-11-27 00:00:00,5.767,5.751,5.751,5.772
2019-11-28 00:00:00,5.762,5.758,5.754,5.763
2019-11-29 00:00:00,5.749,5.745,5.737,5.752
2019-12-02 00:00:00,5.744,5.735,5.735,5.755
2019-12-03 00:00:00,5.734,5.745,5.732,5.745
2019-12-04 00:00:00,5.741,5.746,5.735,5.748
2019-12-05 00:00:00,5.745,5.744,5.744,5.757
2019-12-06 00:00:00,5.764,5.754,5.74,5.764
2019-12-09 00:00:00,5.803,5.796,5.793,5.806
2019-12-10 00:00:00,5.803,5.809,5.793,5.809
2019-12-11 00:00:00,5.811,5.806,5.801,5.811
2019-12-12 00:00:00,5.777,5.796,5.776,5.799
2019-12-13 00:00:00,5.814,5.778,5.778,5.816
2019-12-16 00:00:00,5.848,5.84,5.834,5.851
2019-12-17 00:00:00,5.88,5.857,5.857,5.882
2019-12-18 00:00:00,5.914,5.908,5.899,5.916
2019-12-19 00:00:00,5.938,5.933,5.93,5.94
2019-12-20 00:00:00,5.934,5.919,5.914,5.935
2019-12-23 00:00:00,5.945,5.93,5.93,5.947
2019-12-24 00:00:00,5.944,5.945,5.94,5.945
2019-12-25 00:00:00,5.934,5.936,5.933,5.938
2019-12-26 00:00:00,5.932,5.932,5.931,5.934
2019-12-27 00:00:00,5.956,5.932,5.93,5.956
2019-12-30 00:00:00,5.944,5.945,5.943,5.948
2019-12-31 00:00:00,5.951,5.947,5.945,5.951
2020-01-02 00:00:00,5.959,5.952,5.952,5.96
2020-01-03 00:00:00,5.979,5.967,5.967,5.98
2020-01-06 00:00:00,5.979,5.978,5.975,5.979
2020-01-07 00:00:00,5.978,5.965,5.965,5.979
2020-01-08 00:00:00,5.961,5.974,5.947,5.978
2020-01-09 00:00:00,5.887,5.905,5.872,5.905
2020-01-10 00:00:00,5.879,5.883,5.867,5.893
2020-01-13 00:00:00,5.874,5.86,5.857,5.874
2020-01-14 00:00:00,5.885,5.893,5.883,5.895
2020-01-15 00:00:00,5.881,5.892,5.881,5.898
2020-01-16 00:00:00,5.855,5.887,5.845,5.89
2020-01-17 00:00:00,5.887,5.855,5.855,5.889
2020-01-20 00:00:00,5.914,5.892,5.892,5.915
2020-01-21 00:00:00,5.929,5.924,5.921,5.932
2020-01-22 00:00:00,5.921,5.938,5.921,5.94
2020-01-23 00:00:00,5.933,5.912,5.912,5.936
2020-01-24 00:00:00,5.939,5.928,5.927,5.943
2020-01-27 00:00:00,5.945,5.94,5.938,5.946
2020-01-28 00:00:00,5.947,5.936,5.935,5.951
2020-01-29 00:00:00,5.959,5.945,5.944,5.959
2020-01-30 00:00:00,5.976,5.98,5.975,5.982
2020-01-31 00:00:00,5.98,5.974,5.972,5.981
2020-02-03 00:00:00,5.982,5.978,5.978,5.982
2020-02-04 00:00:00,5.981,5.983,5.965,5.984
2020-02-05 00:00:00,5.985,5.985,5.976,5.987
2020-02-06 00:00:00,5.987,5.985,5.985,5.989
2020-02-07 00:00:00,5.994,5.986,5.985,5.994
2020-02-10 00:00:00,6.019,5.996,5.987,6.019
2020-02-11 00:00:00,6.024,6.028,6.023,6.051
2020-02-12 00:00:00,6.045,6.025,6.02,6.049
2020-02-13 00:00:00,6.058,6.055,6.044,6.064
2020-02-14 00:00:00,6.051,6.056,6.05,6.061
2020-02-17 00:00:00,6.049,6.044,6.041,6.053
2020-02-18 00:00:00,6.072,6.065,6.06,6.072
2020-02-19 00:00:00,6.079,6.07,6.056,6.08
2020-02-20 00:00:00,6.099,6.088,6.085,6.1
2020-02-21 00:00:00,6.122,6.108,6.105,6.125
2020-02-24 00:00:00,6.159,6.143,6.142,6.162
2020-02-25 00:00:00,6.129,6.122,6.121,6.156
2020-02-26 00:00:00,6.16,6.146,6.145,6.161
2020-02-27 00:00:00,6.175,6.16,6.155,6.175
2020-02-28 00:00:00,6.233,6.24,6.206,6.249
2020-03-02 00:00:00,6.226,6.217,6.212,6.252
2020-03-03 00:00:00,6.147,6.216,6.146,6.219
2020-03-04 00:00:00,6.098,6.122,6.074,6.122
2020-03-05 00:00:00,6.1,6.084,6.078,6.109
2020-03-06 00:00:00,6.088,6.093,6.072,6.097
2020-03-09 00:00:00,6.127,6.125,6.095,6.127
2020-03-10 00:00:00,6.143,6.134,6.113,6.15
2020-03-11 00:00:00,6.195,6.14,6.14,6.202
2020-03-12 00:00:00,6.281,6.23,6.227,6.284
2020-03-13 00:00:00,6.299,6.282,6.255,6.309
2020-03-16 00:00:00,6.368,6.361,6.361,6.371
